vin,price
5J8YD4H05LL032532,50164.93
KNAE45LC8K6050784,39947.496
5XYZGDABXCG149606,9263.929
1G1ZE5ST6HF197903,16949.352
KL4MMDSL6LB106699,26776.0
1FMJK1JT8KEA01413,52842.277
1FD8W3HT9LEC47909,47277.305
2FMPK4J93GBB49987,18684.527
3C63R3EL0LG264012,63502.88
1GC4YNE76LF322205,57146.535
5N1AT2MV9LC793052,25473.775
1FTEW1E57LFC48715,54575.61
4T1BF1FK6HU364073,15759.715
WA1BNAFY3J2034396,31438.73
JN1AZ4EH3LM822601,50962.33
2HGFC2F85LH559958,21093.96
1GTW7FCG7F1194269,20949.166
5NPD84LF0KH423636,13337.979
JTMD6RFVXLD006313,37547.87
1ZVBP8AM8E5295019,13019.365
WAUG8AFC1HN124613,29963.004
2C3CDZAG8LH161671,28029.191
1GYS4GKJ1LR252703,71182.09
1FTFW1EG3HKE07623,39326.645
2T2JGMDA8LC054405,50164.93
1C4NJRFB5GD637260,11154.626
2T2AZMDA5LC238064,54575.61
SALSF2D45CA739985,16949.352
1G1BE5SM6J7132706,17533.584
2GNALPEK3D6268320,11154.626
1GTG6CEN7H1256354,29459.51
JTDEPMAE0MJ128824,27871.873
5TDXZ3DC8HS823665,24729.113
3GNAXHEV2LS715210,26310.951
1FTEW1E58KFA74202,57146.535
JF2SJAEC6JH587372,19385.479
1GCRCPEC3FZ204659,20916.602
3N1CP5BV9LL530248,19385.479
1C6SRFJT5LN349440,45072.34
1HGCV3F98LA008563,31912.174
5YFBURHEXJP841333,17470.74
LRBFX3SX4LD122034,39845.375
KNMAT2MV0LP539291,28648.21
3LN6L5E99LR603888,39626.176
1GC1KXCGXBF101479,23788.166
2HKRW1H28LH404799,27075.713
WVWJK73C88E109527,4340.5156
WP1AA2AY3LDA10339,78291.82
1FMCU9GD3JUC37330,16949.352
5TDGZRBH4LS516195,40811.87
JM1DKDC73J1324292,16247.834
JTEZU14R460079669,8263.568
1C4RJFAG1CC156277,12210.615
5NPD84LF2KH447940,13973.212
3GNCJPSB1LL217086,22043.9
2T3H1RFV8LW100922,32165.41
KNDJT2A59C7467334,10627.715
MAJ6S3KL5LC389546,23097.152
19XFC2F54HE057692,16897.1
ML32A5HJ1LH005040,12807.233
3CZRU5H78GM705981,16409.658
1G1105S37JU148349,21290.48
WDAPF1CD3GP202529,36228.47
5FNYF8H25LB014987,37540.996
JN8AT2MV1LW135927,27075.713
5J6RW2H29LL006349,30560.057
3FA6P0CD6LR218247,23788.166
3FA6P0H71HR260464,13019.365
LRBFX1SA7LD078885,34301.824
JTMWFREV8HD103530,20949.166
5N1AT2MV8LC797500,25514.064
1FTEW1E49LFB75063,57146.535
3KPC24A64LE126116,16100.094
3N1AB7APXJY267272,15179.1045
1FMCU9JD6HUD02044,18117.752
1G6DM5RK2L0146138,37832.89
1FTEW1CP0LKE35998,35060.65
5N1AT2MV4LC777812,29459.51
KL4CJASB1JB637591,17552.955
2C3CDXHG6KH512439,20902.494
WA1BCCFSXJR006633,24492.428
KL7CJNSB7LB064077,21093.96
2G1WT58KX89176570,7196.2163
KL7CJKSB5LB038267,20158.812
JM1GL1UM8L1522883,23788.166
2T1BURHE3KC238290,15798.587
19XFC1F73LE218425,23788.166
4T1B11HK7KU766185,26180.658
1C4BJWEG2GL181755,30721.178
1G6AX5SX4E0165115,22406.855
3C4NJCBB3MT505865,28946.66
5TDDGRFH4KS067490,42494.348
3HGGK5H48LM722669,18154.424
JM3KFBCM5L0794717,29586.166
1GT121C80BF210443,41437.78
4S4BSAFC0H3403427,21182.73
3GKALPEV5KL194348,20902.494
2GKFLTEK9H6239924,20489.03
WA1B4AFY5L2039430,55188.223
WDDZF4JB7HA266320,38301.605
3FA6P0HD2LR261038,23409.584
3C4NJCBB8MT518157,29459.51
1G1ZG5ST6LF153368,23676.441
WAUANAF48HN064854,25026.86
1GKKNULS2LZ231730,47444.27
3GCUKREC1FG302470,26089.736
2C3CCAGG3JH267597,21728.48
SCFRMFAW3LGL09248,134748.4
3KPA24AD1LE334136,16897.1
JTEBU5JR3J5561722,36228.47
ZN661XUS6HX222524,62155.824
1G1PE5SB8E7365819,6502.1475
1FA6P8CF3K5152712,40133.777
1NXBR32E16Z701670,4340.5156
1FMCU0G63LUB57011,27523.553
JF2SJAWC1JH428046,25026.86
JTEBU5JRXA5014351,14404.563
1D8HB58D14F142735,8406.148
JF2SKAUC2LH587595,32165.41
3GNCJLSB5LL310685,20974.05
1C4HJXDG1KW536391,38301.605
3VV2B7AX6LM003754,27075.713
3N1CN8EV0LL823779,18684.527
JTJBM7FX6H5155402,39626.176
7FARW2H59KE047828,32249.252
5N1AT2MT6FC914123,12976.07
KL7CJPSB8GB536739,17009.78
1FTEW1E52LFB96569,46522.652
5N1DL0MMXLC523921,54575.61
1C6SRFHT4KN517654,48897.35
JN8AT2MT8LW017131,25837.59
3FA6P0HD1HR376950,18671.01
2CNFLEEC6B6371378,7196.2163
5J8YD3H30JL008902,37547.87
1FTEW1EG0GFA42711,35345.203
SALTY19454A839636,20902.494
1HGCV2F54LA024816,34719.445
1GTU9FEL1LZ324474,62077.016
JF2SH6CC4AH764464,9304.49
1GKKNMLS2LZ194825,41419.156
ZFBCFYDT0GP501036,19101.19
2G1FC3DD7B9209737,11154.626
1C4RJFAGXLC413856,41437.78
KM8J23A42KU895936,17009.78
5XYPGDA36LG679989,28414.13
4T1B11HK9KU191538,27075.713
1HGCR2F35HA130072,16949.352
3VV3B7AX6JM019888,18684.527
5NMS2CAD7LH178191,25026.86
KMHD84LF1LU003547,20195.049
3GCNWAEH2LG345507,28061.494
3KPF24AD2LE194278,16079.04
2HGFA16529H304781,8406.148
WBAWC73528E064392,10809.415
2T3DFREV7FW303208,18117.752
3HGGK5H85LM725063,19385.479
KL8CB6SA6LC457701,22043.9
ZACNJABB6LPL57668,20974.05
1V2NE2CA3LC211895,46138.582
1V2YE2CA1LC223427,44538.668
KL4CJESB8KB832869,20427.252
1N4BL4BV7LC214184,22274.566
1C4RJFBG7LC341397,37505.582
SBM22GCA3LW000602,134748.4
2T1BURHE2HC914723,13337.979
5GAKVCED2BJ314173,11236.284
3VWG57AU7LM011859,22889.906
4T1BF1FK9HU433922,16897.1
3GCPCREA1CG307365,12823.936
1C4PJLCB5LD648974,23088.297
5XXGT4L35KG337316,17552.955
1FMHK7D88BGA49099,8406.148
2T3DFREV2JW849858,25188.66
3KPC24A3XKE049417,13019.365
WBAJE5C33HG916082,41437.78
YV4A22RKXK1328826,37505.582
1GKKNPLSXLZ203854,38530.59
KNAE15LA8J6016124,26099.373
3HGGK5G40JM702222,15140.763
3GKALSEX2LL295756,31815.566
2G61M5S38H9162797,23285.482
1N4AZ1CP1LC301636,35060.65
1GYS4CKJ3LR301196,79377.02
1C4RDHAG9LC325044,35060.65
3GNAXKEV0LS509901,20916.602
5TDYZ3DC3LS022462,28646.564
1FTMF1C55KKD93241,23752.361
3GKALVEV1LL302213,32165.41
1GNSKTKL6MR113391,79377.02
KL7CJLSB3LB089594,21802.803
1FMCU0GD4HUC76952,17653.986
KMHD84LFXLU013154,20195.049
1FMCU0G60LUB38884,29600.469
W1K3G4EB7LW043784,31815.566
1FT7W2BN4LEE30414,51112.51
MAJ3S2GE1LC318058,21544.326
4S4BRBAC5A3322115,7460.6123
1FMSK8DH3LGB65291,41437.78
1GKKNULS3JZ216487,31815.566
JTMWFREV3GJ065401,16891.238
JTDKARFUXL3118547,24855.531
1GTG5CEN0M1121956,32874.1
1GTG6EEN4M1120656,39040.652
KL4MMDSL3LB128451,27125.992
1GCGSBEN4M1112177,31207.254
2HGFC2F61LH502445,19514.166
1C6HJTAG9LL211320,42494.348
1GYS4HKJ6LR305921,79377.02
SADCK2FX5LA657046,62155.824
3GTU9DED7LG400857,51112.51
WMWZB3C53DWR35751,9468.3545
JTDS4MCE0MJ056306,27523.553
3GCPCSEC9HG399891,42083.445
1ZVBP8CF1D5200328,21093.96
4S4BTAEC1L3252945,33224.76
3GTU9DED2LG252794,62155.824
JTMY1RFV1LJ022157,32165.41
1HGCV1F44LA105980,25473.775
1GTR2VE77CZ176967,15140.763
1FMSK8DH8LGC72059,48739.883
1C4RJFAG3LC398455,45072.34
1GYS4KKJ4JR203608,56566.875
KL7CJLSB8LB093124,21182.73
1FMJK1HT5LEA61964,51112.51
4JGDF6EE6FA614136,29717.28
1FTEW1EG2HFC28834,33928.996
4T1BF1FK6GU547858,17552.955
JF1VA1J69G9801307,21544.326
1FTEW1E54KKE09107,42494.348
SALCJ2FXXLH857046,43570.312
5TDGZRBH6LS044839,45843.67
KMHD74LF7LU948585,19514.166
5N1AT2MT2KC773691,17747.797
5FNYF5H24MB001924,37849.69
1FMJK1PT7LEA51387,71182.09
MAJ3S2GE2LC329442,20974.05
WDZPE7CC1E5864905,30658.873
1G6DT5RK2L0151245,44748.89
1FMCU0EG7CKB62719,9468.3545
3N1AB7AP0KY293378,15225.911
1FMCU9G63LUA94531,29665.092
KM8K3CA54LU507861,28061.494
KMHL34JJ1LA011618,31207.254
1FM5K7B87FGB94484,18671.01
1GYS3BKJXLR180809,79377.02
1V2PR2CA1MC517542,43563.668
1C6SRFFT1LN359374,48527.336
1FTER4EH7LLA50477,38301.605
KNMAT2MT5LP525000,25009.512
SALVP2RXXJH269812,32249.252
2FMPK4G97HBC68828,22524.299
WDDZH6JB0LA723158,67044.49
3FA6P0H71GR305319,15569.301
WA1JCCFS9JR001659,28029.191
JTMBFREV7JJ745906,26089.736
JNKBV61F58M272594,9350.642
3GKALTEV9JL297280,25188.66
4S4BTAEC7L3261813,32874.1
19XFC2F68LE211855,20933.834
3N1AB61E77L717832,4340.5156
1FADP3K24HL293835,14404.563
5GAEVAKW8LJ107120,39947.496
3VWCB7BU9LM072927,25244.736
1FA6P8TH8H5205429,22274.566
ZACCJBCT9FPB31569,13973.212
WMWXU9C03M2N29405,37146.773
1FTMF1C52KKD38391,21802.803
3FA6P0HD0LR107136,22274.566
5XYPK4A55LG702551,35345.203
2GKALMEK2H6153841,17653.986
1GYS4DEF6DR370284,27942.822
1GCUYGED3LZ338765,50164.93
1N4AL3AP4JC259489,16949.352
2B3KA33V79H582090,9350.642
1C4RJEBG0LC403880,47277.305
JN8AT2MV2LW137766,25009.512
KL7CJLSB4LB053655,20996.863
1GKKNRLS8LZ164712,44538.668
1C4RJFBG8LC385263,44776.945
1N4AL3AP8DC902723,8825.537
1C4RJFBG7HC873403,29459.51
ZARFAMAN1L7626473,39626.176
4S4BSANC0K3363214,27523.553
3GKALXEXXLL325390,31932.184
JNKCV64E68M120024,13179.299
JTDS4MCE9MJ055039,28061.494
1C4HJXFG8LW119803,47277.305
1HGCR3F96EA028656,15179.1045
JTEBU5JR2F5255487,29600.469
JA4AZ3A33LZ011248,27125.992
1FMCU9H60LUB06309,29600.469
19UUA8F57DA009876,13170.461
WAUL2AF20KN051605,49368.863
1C6RR6FG5HS786504,21093.96
WDDUG8CB3FA199370,42083.445
3GNCJPSB6HL207144,16891.238
2HKRM3H77FH535286,15140.763
W1KWF8DB1LR593764,47277.305
1FA6P0HD6E5350536,10809.415
1FMCU9F66LUB58370,33224.76
1C6SRFFT3LN420451,48441.08
1FM5K8HT3JGA81030,37146.773
KL7CJPSB6MB306743,25244.736
JF2SKAGC6LH601705,29963.004
LRBFXCSA7HD040091,25244.736
KMHCT4AE7DU306757,7196.2163
ML32F3FJ7LHF10642,15140.763
1C4RJFCT9LC277391,52842.277
1GNERFKW3LJ266408,39049.74
7FART6H89LE017708,37505.582
3N6CM0KNXLK701567,20697.248
1FMSK8DH2LGB49650,46093.258
1FM5K8GC4LGC71424,56566.875
JTMR6RFV9LD004039,32165.41
3VW2B7AJ9HM337288,15140.763
1FTEW1EG6LFB45464,71182.09
1FTEW1E50LKE57088,43563.668
3GKALTEV9LL297296,31912.174
KMHRC8A37LU045273,31912.174
1GKS2DKL0MR151251,79713.37
1FMCU9DG5CKB54768,10809.415
KL4MMDS27LB087121,23871.252
ZFBHRFBB7L6P33001,26776.0
KNDJP3A59K7021581,14599.678
1C4HJXDN4MW514564,50962.33
YV4102PK8L1612157,56566.875
ML32F4FJ3LHF07016,14404.563
1C6HJTFG2LL183112,41023.297
JN8AT2MVXLW133707,28414.13
1FTEW1E44LKE71664,48441.08
4S3BWAN66L3017155,26310.951
1C4PJMLN8LD655952,28061.494
2C4RDGCG8KR543456,18684.527
KL4MMESL7LB095525,28061.494
1FMCU0GD3HUD92336,16799.455
3GKALTEV9JL347790,25188.66
1FMCU0GX9DUB94249,10685.339
1C4RJFAG0LC384612,42494.348
5NMS23AD4LH141485,20996.863
4T1G11AK3LU997912,31815.566
1C6RREJT7LN306565,48326.258
2HKRW2H86LH667271,32249.252
1C4RJEBG3LC428434,44776.945
3C7WRSBJ5KG671246,55188.223
1FADP3K25JL252166,15179.1045
1FMCU0G68LUB99514,30439.406
3VWGB7BU9LM072346,21802.803
2T3F1RFV3LC129544,35060.65
LRBFXCSA0KD105726,28414.13
1HGCS1B87CA018883,13019.365
1HGCR2F31EA165042,14972.04
1C4BJWEG9GL161342,33224.76
WAUHGAFC5EN106327,19514.166
5J6RW2H83KL004535,28061.494
WAUAFAFL5FN018643,17747.797
1FMCU9H67LUB62537,31912.174
1N4BZ1DP3LC306422,31912.174
3N1AB7AP3KY302767,15798.587
WAUGFAFC6FN003823,20195.049
JN8AT2MV4LW144394,27942.822
KNAFG526077119461,7196.2163
2GNAXSEV0J6338269,19514.166
1C4RDHDG4JC114116,31438.73
JN8AT2MV3LW118269,29317.494
3C4NJDBB8JT115006,21059.283
2GNAXHEV3L6261175,23743.475
1G1ZE5ST6HF110470,16897.1
1N6AD0ERXKN796050,26310.951
JF2GTHSC8MH219700,30560.057
1GNSKBKC0KR375950,43563.668
3VW447AU7HM016301,21795.451
5FNYF6H91HB019712,33241.504
1N6AA1E52HN539548,35145.98
1GCRYAEF3LZ277213,40855.598
WDCTG4GB7KJ610086,34301.824
5J6RM3H93FL026416,18906.42
3C63RRGLXKG578653,57146.535
KM8R5DHEXLU171668,43570.312
5NPEF4JA1LH009848,25009.512
WMWXR3C06M2M91862,26776.0
19XFC2F65LE207343,22889.906
1C6RR6LT8GS101525,25837.59
1FMCU0H65LUA67065,29963.004
1C3CCCFB0GN189250,15569.301
1FAHP2F86KG115581,23871.252
3CZRU6H95LM729706,25244.736
1FMCU9DG7AKC79851,5380.3696
5NMS33AD1KH039394,23817.568
2T3RFREV7HW686852,21045.215
1C4RJFBG6GC478580,31932.184
3GNAXHEV3LS677907,24412.049
KNDCB3LC5L5393726,29665.092
2T3RFREV0HW641865,20974.05
JF1VA1C63L9819406,37505.582
5NMS33AD9LH249467,27871.873
1GKKNLLS4LZ233621,48441.08
1C6SRFFT3LN409191,48739.883
SJKCH5CP8JA053694,27942.822
JN8AZ2NE8H9155255,42494.348
1C6SRFHT3LN332187,62155.824
2C3CCAGG5GH208740,16799.455
1GKS1AE00ER127102,31438.73
3PCAJ5M1XKF126338,29963.004
2GNALBEK4H1598327,17470.74
WVGBV7AXXGW593531,18906.42
2GNFLFE32G6100519,24379.254
WP1AB2AY2LDA28084,134748.4
2GNAXJEV5J6352520,21045.215
1N4AL3AP3HC223903,16100.094
1HGCP2F33BA077451,6502.1475
1GYS4CKJ3LR124746,79377.02
1FMCU9GD7JUB45718,17470.74
1C6RREFT7KN745854,38301.605
KM8J33A21GU222297,19959.504
5XYZT3LB3EG145175,12210.615
2G4WS52J011212776,7196.2163
3GTU9CED8LG346110,47063.086
2HGFC2F83KH514080,19385.479
3GCUYHED9LG427858,63502.88
JM3KFBCM1L0840740,31815.566
1FD7W2A68LEC50861,41023.297
WDDZF8DB9LA718022,49795.918
1C4RJFBG1HC885997,30560.057
2C4RC1AG0KR667885,25244.736
3GNAXHEV6LS657974,23409.584
1GKKNMLS2HZ272074,26310.951
1GCGTEEN7J1161674,28029.191
KM8J3CAL2KU948817,25244.736
1GNERGKW9LJ297362,34301.824
1FTER4EH3LLA54266,37832.89
1GNEVNKWXLJ186559,46138.582
5NPDH4AE8BH054115,6502.1475
JTEZU5JR9F5095252,22406.855
4JGDA7DB3DA143880,18906.42
1FTFW1E48LKE27932,46093.258
1GCJK33133F209898,15569.301
WBAJS3C00LWW67189,55188.223
JTHG5LFF1L5011012,79713.37
KNDPMCAC7L7834596,27914.318
JTMP1RFV6KD516121,28029.191
1FMSK8DH4LGC81101,47277.305
JM1BM1L79G1308106,13337.979
1N4AL2AP3CN514151,11217.421
1FTEW1CP1LFB80562,35060.65
1FTER4EH7LLA08584,35345.203
3FA6P0LU7KR100710,23743.475
3FA6P0LUXLR267192,30783.361
SALGS5FE0HA342149,79713.37
2CNDL63F666126838,4340.5156
5J8YD4H38LL036360,50962.33
4S4BTAEC9L3256516,30658.873
WBA3N7C56FK225516,20916.602
1FMCU9G61LUA90137,32874.1
5TDDZRBH5LS019269,40811.87
1G1ZD5STXKF161111,17470.74
1N4BL4BV2LC266547,21332.766
2FMPK4AP1JBB81780,31815.566
5FNRL6H56LB065653,39040.652
NM0LS7F28L1454985,25009.512
5NMS53AAXLH252961,39049.74
1FA6P8CF8G5229985,25009.512
2FMPK4J99LBB09293,41419.156
1G6DS5E31D0176835,13337.979
1C6SRFHM1LN415075,62155.824
ZARFAMBN8L7630941,39947.496
KNDPM3AC3M7856600,25837.59
1C4AJWAG4FL538899,21045.215
2C3CDZAG0KH669602,28646.564
1GC4K0E80GF224273,43570.312
5J8YD3H80LL008932,49423.89
1FMCU9H96LUA35188,36228.47
4T1FA38P28U157362,5871.045
4T4BF1FK6GR555433,13170.461
KL79MSSL9MB024321,26180.658
1FMSK7DH6LGB38709,43563.668
JN8AT2MV3HW250116,18154.424
1FTER4FH6KLA82205,34719.445
ZARFAEEN9H7544191,28029.191
JN1EV7ARXHM835110,26099.373
WBA5U7C00LA234682,50962.33
1FTEW1E54LKE78333,47277.305
1C4PJMDX8KD463574,24492.428
3C6UR5FLXJG216707,48441.08
5N1DR2MM3HC662404,20974.05
1FMCU0DZ2LUC07315,29963.004
1FMCU9F61LUB85749,33224.76
5N1DL0MN4LC500434,41023.297
2C3CDXGJ5JH237142,38301.605
3C6UR5FL7LG147011,62077.016
5J6RE48388L049059,7296.452
1GCRYDED5LZ201976,40811.87
1HGCV1F33LA049439,27876.684
2FMPK4K95KBB89012,27125.992
4S3GKAV65L3612080,23871.252
5FNYF6H07MB011903,47277.305
1GYKNCRS3HZ197490,31815.566
3VWEF71K07M138834,4340.5156
SAJWJ0EF8E8U31846,23088.297
4T1BE46K57U508831,4340.5156
1C6RR6LTXDS698981,17552.955
3GKALPEV4KL253065,20158.812
5XYZT3LB9HG493048,15691.101
KL8CB6SAXLC479653,22524.299
5FNYF4H54BB042460,10685.339
SALCR2BG8HH704929,30783.361
5XYPG4A3XHG267534,17533.584
1FTEW1E46KKC81881,44776.945
1C6HJTFG0LL216592,43570.312
1FADP3FE9JL307271,15225.911
1FMJK1MT4LEA61475,78291.82
W1N4N4HBXMJ162310,43563.668
JM1GL1XY9L1524334,40133.777
1FMSK8DH0LGC39721,43570.312
2C3CDXCT8JH290036,32165.41
3KPA24AD8LE336692,15140.763
WDDZF4JB7HA257178,30658.873
3KPF34AD1LE261675,32165.41
KNDJH741095035808,9350.642
JN1EV7EK9HM362040,31207.254
1VWBV7A36FC046240,10685.339
5NPD84LF9LH595858,20195.049
1FTEW1E51KKD51151,45228.246
5J8YD4H39LL036237,50164.93
JN1BJ1CP2HW020346,16079.04
WMWXJ1C07L2L90243,39049.74
1C6RR6FT1FS635329,18684.527
1FADP3FE3HL283057,15140.763
5UXCY4C02L9D43435,79377.02
1C6RRFJG5KN729037,34301.824
4T1M11AK5LU373161,30560.057
1C4RJFJG3LC436010,50164.93
19XFC2F62LE212547,21544.326
2GNFLHEKXF6133348,15225.911
2C3CDZBT0HH613745,29317.494
1C6RR7MT7ES359455,22043.9
1GKKNXLS7LZ119409,43570.312
1FMCU9G6XLUA90136,32658.35
1FM5K8HC3LGA82648,56725.676
5NPD84LF0LH619626,21182.73
WBAJA7C32HG906876,32658.35
1FMJU2ATXKEA50984,47277.305
2G11Z5S3XK9134899,23788.166
1GTW7AFG5L1254155,56566.875
3KPF24AD5LE164787,18671.01
5FNRL6H79JB024156,27942.822
WUAWAAFC2HN904268,134748.4
3GNDA13D88S598868,5871.045
5FNRL6H55LB073162,39049.74
2T3P1RFV1LC090618,30658.873
2C3CCAAG6GH358378,16799.455
5N1AZ2CJ6LN158579,32658.35
KM8J3CAL5LU280626,28646.564
4JGDA5HB5HA907488,37540.996
JN1BJ1CR3HW136110,19385.479
2HGFC1E51JH702872,22406.855
1FTER4FH7LLA24492,37146.773
W1KUG8JB7LA562722,134748.4
1HGCV1F36LA115174,26939.713
1G1BE5SM3K7122152,18671.01
KM8J2CA46LU240129,25188.66
5GADV33L86D116737,5794.776
1FTEW1EP2LFC56030,47098.914
5N1DR2AN3LC613659,33224.76
5UXKR2C31H0X07151,37849.69
5YFEPRAE4LP054587,28414.13
1C3CCCBBXFN702850,12807.233
1FMSK8DH6LGC88020,46522.652
1HGCV1F34LA126173,27876.684
2T3BFREVXFW378458,15225.911
1FTEW1E49LFC72957,55188.223
1N4AA6DV1LC379433,33928.996
3C6UR4CL7KG517841,62077.016
5FNYF6H53HB052255,29717.28
3C3JY45X77T604950,5871.045
1G1ZH5SX5GF267058,20195.049
1FTER4FH2LLA63166,32658.35
1FAHP60A72Y114422,12807.233
W1N0G8EB6LF815401,50164.93
3FA6P0HD7JR167752,17552.955
1J4AA2D15BL528726,15140.763
2C3CDXL9XJH113007,78291.82
3N63M0ZN4GK692683,13179.299
1FM5K7D87EGC10016,15225.911
1C4PJLCB5LD634380,22274.566
4S4BTAEC3L3265678,33241.504
3C4NJDCB5LT234195,28946.66
5GAERBKW5LJ201675,43243.23
3C4NJDBB1MT506891,29963.004
3KPC24A66LE126666,16799.455
2GCEC13T361147340,15691.101
4S3BWAC61L3013761,24855.531
3GCPWBEK2LG202308,38301.605
WA1VWBF72LD013408,79713.37
3C4NJDBB0LT239516,27075.713
5YFBURHE1JP745249,12976.07
1FTEX1EP8LFC05659,37505.582
5XYPG4A51LG693770,32249.252
1C6HJTAG8LL126470,39040.652
1GYKNBRS8HZ119880,23871.252
1FA6P8TH7L5172870,29635.398
1GCRYEED1LZ293948,40811.87
1GNSKHKC9KR140689,37505.582
JTNK4RBEXK3021073,20489.03
W1K2J5JB9LA074234,79377.02
KL4MMDSL9LB110018,25009.512
3MZBPBCMXLM131367,25806.21
1GNSKHKC2LR284618,50962.33
1C6SRFFT0LN398473,48527.336
3C63RRJL6KG602116,63502.88
JM3KFBCL4H0105524,22889.906
JTHCL5EF8H5029354,40007.39
1G1FJ1R65K0155160,79713.37
ZASPAKBN3L7C75185,48739.883
KL7CJKSBXLB330710,19514.166
55SWF4JB4JU256093,30658.873
5FNYF5H58MB003220,39845.375
KNDMC5C1XM6661211,37547.87
3GCUKSEC6EG316029,23752.361
JM3KFBBM4J0467563,20996.863
KNDJN2A22J7574383,13973.212
3VWG57BU1LM078987,21059.283
KMHD84LF9LU099377,21182.73
3GNAXJEV9LS600434,26310.951
2LMPJ6K93LBL28767,46522.652
1FMSK7DH2LGC89739,42494.348
LRBFX3SX1LD019797,41419.156
1G1PA5SG8E7195310,8263.568
WDDHF8JB7GB244698,24379.254
5N1DR2MN0KC627917,27942.822
2HGFC2F51JH502840,16897.1
3C4NJDBB0LT209917,28029.191
3N1CN8DV3LL884206,16799.455
1FT7W2B61KEC41033,62077.016
JN1BJ0RR8HM402377,26089.736
1FMJK1KT0KEA28104,47277.305
1GNERHKW3LJ303887,37849.69
WP1AA2A50JLB12223,39049.74
1GTW7AFG6L1254391,61719.133
3LN6L5MU0HR650899,22274.566
1GTG6FEN9M1100246,39947.496
3KPF24ADXLE202871,17653.986
3VV0B7AX0LM163586,29317.494
JH4KC1F5XLC000260,42494.348
5N1DL0MN7LC538692,52842.277
1FTEW1E51LFC52078,52842.277
1C3CDFBB6GD624783,13019.365
1C6SRFLTXLN378610,57146.535
1V2LP2CA7MC519915,48739.883
1C4NJRFB2HD195474,18684.527
1FTEW1E44LKD11509,48441.08
3FA6P0T97HR173435,21182.73
5UXWX7C52BLT78598,16100.094
KL8CC6SAXLC479004,21795.451
1FMSK7FH2LGB47159,43243.23
JM1BPBLM0L1165673,25188.66
3C6UR5DL5LG104631,71182.09
1FTEX1CB4LKD47540,30721.178
1FM5K8AB1LGD08994,46093.258
5NMS2CADXKH087656,18906.42
ZN661YUS5LX346136,134748.4
KL4MMDSL4LB115045,24379.254
4T1G31AK4LU542030,33241.504
1GYKNDRS4HZ214514,33241.504
JF2SH6DC7AH795044,8825.537
JM3KFBEY8L0853873,37146.773
3LN6L5A99HR647886,21059.283
2C4RDGBG4LR231816,27216.582
2GKFLVE30G6212727,18671.01
4T1BD1EB6FU038231,16949.352
NM0LS7E21L1439276,24379.254
1FTEW1C59LFA41942,50164.93
5XXGN4A75FG426387,13973.212
KL8CD6SA2LC479754,23817.568
1GNERJKW8LJ289945,47444.27
KNDEUCAA4M7120450,25806.21
1FTEW1CP2LFB51068,38301.605
ZACNJBAB4LPL47969,23097.152
1FTFW1RG9JFE71223,56566.875
1FTNE1EW6ADA63589,17009.78
4S3GKAV69L3607206,25244.736
2C3CDXFG0HH529507,21544.326
JM3KFADM0J1388232,18688.412
3GTP9CEK9LG398129,45228.246
4S4BSANC1K3370446,27942.822
5UXKR2C5XE0H33988,18688.412
1GNERFKW8LJ276058,32874.1
3GTU2UEC8FG444673,33241.504
19XFC1F74LE209068,25244.736
WBAVC73528KX90475,5871.045
2C4RC1BG2KR597059,24412.049
1FTER4EH9LLA44812,34301.824
2C4RC1FG0LR264094,41419.156
1FTFW1RGXLFC75195,63502.88
1FT8W3BT7BEC44048,25837.59
1GTG6DE33G1317430,26939.713
1GNSKCE04BR240946,17747.797
1N4AL3AP0HC472577,15569.301
1G1ZB5ST6LF136553,23817.568
1C4PJLLB0LD640491,24855.531
3C6TRVDG2LE127794,33928.996
1C4RJFAG8HC814880,26310.951
1FTEW1E4XLFC83983,46138.582
JM1DKDC72H0163157,15140.763
1GAZG1FG5E1183872,27942.822
2C3CDXGJ3LH202666,49423.89
WDDWF4KB2HR282850,33224.76
1FM5K8D84DGA28875,14599.678
W1KZF8EB3LA827834,62155.824
3C63R3CL8LG232721,63502.88
3FA6P0PU6HR276781,15179.1045
2T3BFREV2FW335958,15759.715
JTDEPRAEXLJ022019,26099.373
1FMJK1MT3LEA37832,79377.02
1N4BZ1CP1LC304976,32658.35
5NMS23AD1LH272745,28029.191
1G1BE5SM6K7145148,17533.584
3D3HA18H85G820143,24729.113
YV4BR0CL5M1672153,79377.02
3PCAJ5M36LF113346,48739.883
5J6RW2H52LA016517,31438.73
4JGFB8GB0LA272830,134748.4
4T1BF1FK6HU731585,16100.094
1FM5K8GC4LGA32214,67044.49
1FBZX2YM7KKB05314,25473.775
KM8SC73D05U866624,7460.6123
SAJAD4FX9JCP26462,25009.512
1FTEW1EP6LFC20728,44776.945
5TDZARFH9KS043659,24379.254
1C6RR7LG6JS147516,30783.361
5FNRL6H90KB078173,45228.246
3VWCB7BU1LM066412,19514.166
NM0LS7E22L1472190,28648.21
W1N4N4HB4MJ152551,43563.668
19XFB2F53EE205264,12807.233
1G1ZE5STXHF125733,16949.352
2T1BURHE1EC020191,11154.626
YV1960BW2A1153105,5380.3696
3N1AB7AP4HY348987,16891.238
1FTYR10D53PA91554,4709.7485
W1N4M4GB3LW015994,31912.174
JTNKARJEXJJ566243,16949.352
2T3BFREV7HW571590,22406.855
KNDMB5C19H6309696,23088.297
1FTEW1E59LKD74100,48739.883
5J6RW1H98LL009928,28061.494
1GNEK13T35R259149,11154.626
4S4BRBKC3D3301993,8263.568
1FTER4FH1LLA35018,40811.87
3VW6T7AU3LM014050,31438.73
1G6AA5RA7G0181038,16949.352
1FMCU0H65LUB12697,27914.318
1N4BL4BV7LC229493,20331.191
1GNSKBKC4HR319129,38530.59
3GNKBJRS7LS693943,41437.78
LRBFXBSA5HD179081,21045.215
1FT7X2B63LEE14498,38530.59
WMWXP5C33H2G60501,16079.04
YV4162UMXM2407486,46093.258
1FTFX1E49LKE53842,47098.914
3FA6P0K9XER323325,8825.537
W1N4N4HB1MJ114369,44538.668
1J4GL58KX6W141344,8263.568
1FA6P8TH1L5129464,33224.76
1J4BA3H18BL529308,25009.512
1GYKNBRS5HZ109064,26310.951
5J6RM4H77GL032418,18684.527
NMTKHMBXXLR113277,23752.361
1G1ZE5ST1HF285306,16247.834
LRBFX3SX7LD156548,41419.156
2G1WT55N181264369,8263.568
1FTEW1EG0JFE73640,32658.35
1C4PJLDB5GW200422,17533.584
3VWCB7BU4LM068512,23097.152
KNAS24J63L6021226,55188.223
1C4PJMBXXKD298517,27075.713
3VWRZ71K39M170057,4340.5156
5XYPG4A58KG559532,22043.9
2GNAXHEV3L6196974,23871.252
MAJ3S2GE7LC331980,22524.299
3GKALMEV0LL132047,29600.469
1FM5K8GC7LGB71429,63502.88
5FRYD3H30HB008828,30439.406
4T1BF1FK4HU757263,17552.955
1V2DR2CA1JC546814,28414.13
YV1102EM9L2374847,45072.34
JM1GL1VM2L1522389,23752.361
1GNEVHKW5JJ107247,29635.398
3C4PDCAB2LT243580,22406.855
1GNEVJKW2LJ226190,44748.89
1J4BA5H18BL520524,21093.96
1C6SRFHT4LN383391,56566.875
JTJDARBZ1L5012676,40855.598
1C6RREFT2LN405951,40811.87
5NMS33AD3LH236701,27125.992
KM8K2CAA9MU604085,23088.297
JM3KFBCL3H0160482,20949.166
WAUHMAF44LA048426,35060.65
3FA6P0T90LR165041,37505.582
5TDYZRAH6LS027447,41023.297
1FTFX1EF0DKD63059,16079.04
KMHDH6AH6EU028639,8406.148
3C6UR5SL8LG202135,71182.09
5UXZV4C53D0E00844,16799.455
JM3KFABM3L0859561,27942.822
MAJ3S2GE3LC341745,20331.191
4T1B11HK6KU234975,25244.736
1GCHC29638E135467,21182.73
KNMAT2MV4HP537373,16891.238
KNDJP3A54H7501021,15140.763
19XFC2F54HE070264,18906.42
3VWDX7AJ2DM424955,8263.568
3GTU9DED3LG434763,54575.61
3LN6L5LU6LR620025,32658.35
4T1B11HK6JU158351,34719.445
5N1DL0MN1LC505963,49795.918
1N4BL4BV4LC202929,20195.049
WBA8E1G34HNU17532,25806.21
5FNRL6H75KB118942,31815.566
1C6JJTBGXLL196262,51112.51
2C3CDXHG8HH536881,20489.03
2HNYD28458H516995,8263.568
3FA6P0HD8FR224063,13179.299
5GAERBKW1LJ273845,41023.297
3GNCJLSB9LL257537,21182.73
5LM5J7XC2LGL24535,63502.88
7FARW2H99LE006703,33224.76
1GYKNBRS6HZ243355,29317.494
JM3KFBDM8L0842466,29459.51
1G1ZD5ST7LF132618,23817.568
3GTU9DED9LG435562,54575.61
JTDBL40E09J016189,9350.642
2C4RDGBG3JR244991,33224.76
5N1AT2MT1LC786286,27871.873
1N6AD0ER5KN775431,29600.469
KL4CJESB0JB578864,16891.238
KNDPM3AC4M7866780,26939.713
1HGCV1F17LA114419,27075.713
3C4PDCGG3HT677775,16891.238
1FTPX14V69KC90140,10685.339
3C4PDCAB4LT219152,20949.166
5GAERBKW3LJ279310,41437.78
3VWCB7BUXLM074749,22524.299
1C4RJFBG8LC386672,43563.668
5TFAZ5CN9JX056025,30658.873
3C4NJCBB2KT685952,21093.96
1GTG5CEN5L1118484,31932.184
3VV2B7AXXLM168268,29665.092
1D8GT28K89W542725,9468.3545
1GYKNDRS0HZ313525,33241.504
1FTEW1EP0LFB03937,50164.93
1G1ZD5ST0JF106813,17747.797
JTEBU14R968068797,9263.929
3FAHP0JA5AR430989,5380.3696
1C6SRFFTXLN359342,46138.582
JTHHA5BC8H5005321,29459.51
1GCGSBEN6L1250107,29586.166
3HGGK5H42LM725535,18684.527
JN8AY2NC1J9553477,31207.254
5GAKRDED6CJ259898,13337.979
3FA6P0G79LR233328,27075.713
5TDZA23C75S365530,5871.045
5LMJJ2LT1LEL15540,134748.4
1N6AD0ER2KN775614,27914.318
KL4CJESB4LB029218,24729.113
1C6RR7GT0FS624987,22274.566
1C4HJXEN7LW232383,46522.652
58ABK1GG7HU071118,27075.713
1C4RJFAG9EC415049,15691.101
1C6RREHT3LN374013,67044.49
3LN6L5E92LR619740,39326.645
1C4SDJCTXLC432431,50164.93
5NMS53AAXLH249512,37146.773
KMHRC8A31LU022801,18671.01
WBA8A3C57JA494939,29635.398
KNDPBCAC6E7642305,12807.233
4T1M11AK8LU387507,30439.406
1G6KD54YX2U253061,10685.339
1GCRYDED6LZ365012,41419.156
5NPEH4J28LH013544,30560.057
5N1AT2MV1LC800480,27942.822
3GTP9CEK7LG377439,43570.312
KL7CJNSB7LB319231,20195.049
JHLRD68454C013677,4709.7485
WAUBEGFF3LA061966,39845.375
2FMPK4K98LBB15830,37547.87
19XFC1F32LE217652,25009.512
3VWCB7BU8LM074183,23788.166
1N4AA6AP9HC403720,20195.049
2C3CCAEG5KH533559,23097.152
1VWBT7A3XEC098409,9263.929
5FNRL6H9XMB008800,41023.297
1C6SRFFT3LN349008,48326.258
1C6HJTAG6LL186554,39845.375
JTMDJREV0GD004754,20902.494
3GCUYDED6LG299295,46093.258
1FMCU0GD9HUE03422,17009.78
JM3KFBCM1L0857750,28646.564
KNAFX4A88F5266053,12928.6455
KL4CJCSB4GB574104,15798.587
3N1CN8FV9LL803979,14599.678
KNAGT4L35G5071336,15140.763
3CZRU6H55LM732716,23871.252
JTDEPMAE2MJ124502,28414.13
3GCUYEEDXLG433120,40855.598
WA1LAAF78HD006096,32249.252
KM8J33AL4MU284393,28414.13
2T3RFREV9FW363979,16247.834
KM8J33ALXMU329448,27914.318
2C3CDXBG3KH657575,22406.855
5LMCJ1D92LUL22864,44748.89
1FM5K8D83GGC88706,22889.906
2T1BURHE7JC118734,16409.658
5FNYF6H32MB007364,45072.34
3MW5R1J03L8B15859,46138.582
1C4NJPBA2GD813957,13179.299
JN1AR5EF8BM240318,41419.156
2C4RDGCG3DR651311,10685.339
3CZRU5H1XLM716048,21290.48
1FTFW1RG7LFC66891,63502.88
MAJ3S2GE6LC312420,23817.568
1FTFW1E50LFB54387,44538.668
3VWN57BU7LM076961,20697.248
JM1GL1V52H1152187,17653.986
KM8K2CAA6MU613603,23871.252
1FTER4FH3LLA56274,40855.598
1FTFW1ET8EKG53687,27523.553
3GCUKSEC6EG389188,27523.553
5NMS5CAD9LH258521,32658.35
5LMCJ2C98LUL23119,43563.668
ZACCJABW0GPC81707,12976.07
1C4RJEAG4LC116155,30439.406
5TFDW5F11KX835399,47277.305
2C3CDXBG1LH195566,27125.992
1FMCU9G61LUB95938,34719.445
3TMDZ5BN0KM061765,32874.1
1FATP8FF5K5204629,56725.676
WAU8SAF84LN005867,134748.4
KL7CJKSB8LB037209,17533.584
1FM5K8GT5HGB85658,34301.824
JTDKN3DU4C1500699,11236.284
2HKRW2H51KH651273,29317.494
1C6RREJTXKN549379,39845.375
KM8K1CAA9MU626008,22043.9
SALLDVAF8TA979815,13179.299
JM3KFACM1L0866006,27914.318
3FA6P0G78LR222353,27216.582
JN8AY2NC1K9583886,34301.824
2GNALCEK7H1579065,20996.863
1C6SRFFT6LN391625,48441.08
KMHH55LC3LU139264,26776.0
1N4BL4EV5KC117107,19101.19
1GNFC26J49R234901,12823.936
3VWDB7AJ9HM339986,14404.563
1FMCU9GD0JUA08023,17470.74
JTDP4MCE5MJ059160,28061.494
3C4PDCAB4LT182359,22524.299
WDC0G8EB6LF710150,44748.89
2HGFB2E54CH515508,9350.642
5FNYF6H77GB073951,21795.451
2G1WT55N189282002,4709.7485
3GCUKREC6FG269885,28029.191
3FA6P0HD2LR258608,22274.566
1N4BZ1CP6KC309654,29600.469
1G1ZE5ST2HF167989,16799.455
1FM5K8DH3JGC04651,33241.504
1FTEW1EP8LFB31002,44748.89
1C3LC66K48N218624,5871.045
3VV0B7AX1JM069892,22011.533
SALZT2GX7LH101631,51112.51
3C6UR5CL2LG147146,63502.88
KL4MMDS28LB126055,27876.684
1C6JJTBG2LL214690,54575.61
1C6SRFKT3KN563601,50962.33
1FTEW1E44LFB80350,47277.305
5XYPGDA32LG669489,27914.318
1C3CCCAB7FN726136,12807.233
JF2SJAGC3JH581588,22889.906
KL7CJLSB6GB762528,15140.763
2C3CDZAG8LH199157,28946.66
1G1ZB5ST1HF284861,15759.715
5N1AZ2BS2LN105016,29717.28
3C63R3JL2LG212161,71182.09
1V2TR2CA1MC525865,46138.582
WBA3A5G5XFNS91821,20974.05
5J8TC2H62LL018156,46138.582
KM8J3CAL8MU301759,29459.51
JM1GL1VM5L1521429,26099.373
NM0LS7E27L1454123,27216.582
5GAERBKWXLJ117805,30658.873
KL7CJPSB0JB726820,20331.191
JN1BJ1CW6LW372667,24379.254
3KPA24AD3LE322280,16247.834
1FMCU0G6XLUA24665,29635.398
5FNYF6H50MB020874,45072.34
1FMCU0GX0FUA38328,12807.233
1C6HJTFG6LL206410,44538.668
5FNYF5H57MB004231,37540.996
1FMJK2AT9LEA65676,61719.133
5TDYK3DC2FS559591,15691.101
3GNCJKSBXLL188707,17747.797
1GKKNRLA7HZ259745,25188.66
3GNAL2EK7ES600281,11217.421
WA1AECF38L1113292,39326.645
LRBFX1SA8LD048407,39049.74
2T2HZMAA0LC178200,49368.863
3TMDZ5BN7HM021823,38301.605
KNDEUCA28M7062657,29717.28
WDD3G4FB0LW038750,40007.39
WP1AE2A28HLA74390,51112.51
JF2GTHSC8MH209765,29459.51
JTHBE1BL9E5029593,22406.855
KL8CB6SA7MC704192,23788.166
4T1B11HK9JU100802,21093.96
5NPD84LF7LH606663,20195.049
WBS4Y9C01LFJ78875,79377.02
5FNRL6H74MB007737,39845.375
1FM5K8HC7LGA89991,62155.824
5N1AZ2MGXHN178733,21045.215
5TDBBRCH3LS500342,39845.375
3MZBN1V7XHM135126,17533.584
3CZRU6H52LM731443,26939.713
KMHDN46D75U147402,5871.045
1GYFZER42LF150514,42083.445
1GNSCCKC9JR117802,50962.33
1VWCA7A37LC009340,26099.373
1GC5YLE77LF316843,48527.336
JF2GTABC0M8212067,27942.822
1GCVKREC8HZ390635,33241.504
WDDGF8BB2BR147368,10326.995
5XYP5DHC3MG116833,46093.258
WBAJA5C35HG897613,35145.98
1FM5K8GT9KGB26264,37547.87
1C4RJFBG6LC396469,45228.246
2C3CDXHGXLH190342,28061.494
5J8TB3H51HL019662,23788.166
KM8J3CA48HU526536,18154.424
WBA7T2C03MCE92945,134748.4
1FTEW1E4XLKF14016,47098.914
4T1B21HK4JU005089,27914.318
5YJSA1CN1DFP05500,17747.797
5NPE24AF7FH085201,10326.995
3GKALTEV6LL336149,31912.174
1FMCU9BZ8LUB90012,34719.445
2FMPK4AP6KBC74408,39049.74
JN1EV7AP7KM542125,32874.1
JN1BV7AP2FM355738,16079.04
1C6SRFBT1LN417098,43208.367
4S4WMARD2M3408042,47444.27
1FTER4FH2LLA45282,36228.47
JN8AZ2NEXL9254197,79377.02
JTEBU5JR5K5661144,37547.87
WBAPM5C56BE576878,11236.284
KNADM4A3XG6547044,16079.04
3N1CP5DV5LL533502,21332.766
3GNKBJRS8LS721118,40007.39
1G1JA6SH8D4189107,9350.642
1C4NJDEB6HD191786,18154.424
5YFBURHEXKP874978,15691.101
3VWG57AU6LM012694,21795.451
JTEBU5JR8J5500303,28029.191
JN8AZ2NE5K9232302,43208.367
3VWCB7BU9LM075522,25244.736
5FNYF6H03MB000123,47444.27
1FA6P8TH4L5171451,31815.566
1C4RJFBG3EC376456,20697.248
3KPFL4A7XJE224227,13973.212
KNDJN2A21F7772122,10685.339
4T1G11AKXLU988169,29665.092
JN1AZ0CP0CT025084,12823.936
1FMCU9G6XLUB04729,32874.1
1HGCV3F10LA016599,34719.445
1GNSKJKC4LR123565,78291.82
1FMSK8DH9LGC39071,47277.305
W1K3G4FB0LJ222664,40811.87
KM8J33AL2MU325443,27523.553
3FA6P0HD6LR169043,23871.252
1C6RR6GTXLS138872,42494.348
3VWCB7BU7LM046715,24379.254
3N1AB7AP0DL656567,12807.233
1C4PJLDB0KD415999,20158.812
WAUBJAFM4BA128922,11236.284
LRBFXBSA2LD112785,31932.184
1GCHSCE37G1378127,21045.215
1HGCR2F15HA175687,20158.812
3D4PH6FG0BT515314,5794.776
3GSCL53729S632650,7296.452
ZACNJAAB0LPL85743,19101.19
1HGCV1F30LA125800,25009.512
WBA4Z1C57JEC59352,31932.184
1FTEW1C50LFB05494,39049.74
JM3KFBBM9L1796109,30783.361
5GAERBKW4LJ262371,40133.777
1FMCU9G66LUA85578,33241.504
1C6SRFMT8LN382721,45228.246
KL7CJNSB5LB333337,20195.049
3VWN57BU5LM060158,23676.441
JN8AZ2NE1K9231132,49368.863
JF2SJAFC7GH455177,15691.101
2GNALCEK4G1137116,15798.587
1HGCR2F30HA128486,16799.455
1GKKNULS2KZ262412,30658.873
1VWCA7A30LC022298,27075.713
JM3KFBCM5L0810477,28646.564
2T2HZMDA1LC243812,54575.61
1G4GF5G38FF198077,18154.424
3GNAXKEV0LL283904,23928.969
JA4AT5AAXLZ037339,31912.174
5XYZUDLB2JG507199,22274.566
1FTEW1E45LFC53161,47098.914
3G1BE6SM0JS547561,18688.412
3GKALPEVXJL368106,18688.412
5XYPKDA52HG232390,22889.906
1HGCP2F86BA034329,10685.339
1C4RDHDG2LC441634,35345.203
MAJ6S3GL5LC369290,22274.566
WBA8E5G33HNU43417,23871.252
1GCPYBEH1LZ305895,43208.367
5YFBURHE2JP783167,15569.301
1C4PJMDB1GW120170,17653.986
1FMCU9GD9HUD77649,16079.04
2C3CCAAG0KH755934,33224.76
1C4PJLLB7KD469978,23788.166
5N1AT2MV4KC796343,23817.568
5LMCJ2C93LUL13128,45072.34
1FA6P8TH6J5165373,27075.713
JTJBM7FX2J5188225,42083.445
4T1G11AK5LU978262,30439.406
1GNSKJKJ1LR182832,79377.02
5XXG24J21MG009732,28061.494
1V2WR2CA0KC535331,27125.992
19XFC1F39LE005766,22889.906
1G1BC5SM6J7228194,21673.107
5GAEVCKW7LJ296760,52842.277
4S4BSANC2K3282666,29459.51
WA1LJAF70LD012774,62155.824
1FA6P8CF6L5175970,47277.305
WBA7U2C04LGJ59445,134748.4
2T3H1RFV9LW098081,30658.873
3VW5T7AJ7HM309192,18154.424
1GCGTDEN3J1106486,33241.504
2G1WN151369242520,6502.1475
JHMFA168X6S001971,4340.5156
JTJGJRDZ4L5007918,39326.645
KL7CJKSB4LB315068,19101.19
SALCP2FX0KH794813,29635.398
1FADP3F26EL339431,9468.3545
1FMSK8FH3LGC87341,45072.34
5NPE34AF1GH382611,15691.101
3KPF24ADXLE245946,21290.48
1C4HJXEN6MW520204,49795.918
4S4BTGKD3L3259377,43208.367
3GCUYEED7LG424844,47063.086
3N1AB7AP2HY360717,12976.07
JF2SJAWC5JH602457,23676.441
1C4HJXDG1LW329629,44776.945
1GTV2MEC3HZ368187,38301.605
2GKFLUE3XH6218742,21093.96
3VW2B7AJ2HM303872,13019.365
5LM5J7XC6LGL28247,63502.88
1FTEX1CP8LKE54280,39626.176
5J6RM4H58EL078514,15140.763
WP1AG2A56HLB51035,37146.773
1N6BA1F4XGN507066,30560.057
ZACNJAAB8LPL45815,19318.135
3N1AB7AP5EY280372,12976.07
LRBFX2SA4LD164855,37146.773
1GCVKREC4HZ220563,32874.1
SHHFK7H58JU403724,20489.03
YV4162UM7L2347911,45228.246
2C4RDGCG4KR580536,17552.955
WZ1DB4C06LW027558,62077.016
3TMAZ5CN3JM067737,30721.178
5TDHBRCH9LS505667,40007.39
WA1BNAFY2J2026208,32874.1
2GNAXKEV5L6185813,22889.906
JTMW1RFV5LD059248,29635.398
1FMZU77KW5UB64696,7196.2163
1GCES14H46B123836,4340.5156
1LN6L9TK9H5612002,28061.494
3GNCJPSB5LL221402,20331.191
JTHY3JBH4K2015576,20158.812
NM0LE7E22L1475310,27523.553
3N1AB8CV9LY205463,20158.812
3GNCJPSB4LL232522,23788.166
JTJHZKFA7L2027092,51112.51
1GC1KVEG1JF264845,32658.35
3C4NJCBB5MT505348,28648.21
2G1WX12K639270542,4983.6655
2HGFC2F65LH565984,22043.9
JM3KFBDM3L0825932,28061.494
1GTP9EEL3KZ146086,52842.277
5J6RE48339L051240,7460.6123
1HGCV1F12LA090448,25026.86
1HGCR2F33HA279726,17653.986
3FADP4AJ9HM144723,10809.415
JTEBU5JR1L5830559,41023.297
1GNSCHKC6JR269503,43570.312
5BZAF0AA4LN851638,50962.33
19UUB1F39LA016068,30560.057
3FA6P0RU5KR227219,25244.736
1C6SRFFT7LN420890,44776.945
3N6CM0KN7LK703213,23752.361
5UXWZ7C39H0X43135,28646.564
1FMCU0G6XLUB61668,30560.057
1C4PJLCB1LD629600,20916.602
KM8J33A40MU296663,26310.951
JTDEAMDE7MJ006331,28646.564
5J6RM4H32CL017137,15798.587
WD4FF1CD1KT011433,57146.535
KNAFK4A6XG5478127,13179.299
3C4NJDAB7KT728060,23752.361
5FNYF18515B068064,5380.3696
3GCPWCED8LG393143,44538.668
1G6DE5E52C0101326,12210.615
3VV1B7AX6LM153200,26089.736
1GKKNXLS3LZ213609,46093.258
NM0LS7DN3CT123703,15225.911
KNDEU2AAXM7122732,23752.361
KNDPMCAC9L7726352,27075.713
1G4PP5SK4D4208544,8825.537
3N1CP5CV2LL533782,19514.166
1C4RJFLG4LC396243,41419.156
JTHCF1D23E5007479,14972.04
1FMCU9J99EUA23288,10627.715
2C4RC1EG5LR241993,39626.176
JF2GTAEC2M8211238,26776.0
1C4RJFAG3LC371871,44776.945
3GKALPEX0LL321526,31932.184
KL4MMBS20LB102093,23871.252
3VW2B7AJ5JM246167,15225.911
1V21E2CA6LC216409,43570.312
4T1C11AKXLU974612,34719.445
5GAEVBKW9LJ287746,48739.883
5FNRL6H75LB059540,40007.39
3GCUYHEL7KG286150,51112.51
7FART6H57LE014957,38301.605
1GKS2HKJ6LR121515,79713.37
JM3KFADM3L0823737,28648.21
5N1DL0MNXLC541666,49795.918
1C6JJTBG7LL155278,49795.918
1GYFZDR43LF141282,47063.086
WDC0G4KB7HV008977,31438.73
2FMPK4J88GBB47093,19385.479
3LN6L5HC4HR665052,31207.254
1GCRWBEK2LZ339662,39040.652
1N4AL21E09N534901,8263.568
2GKALMEK7H6340475,16953.836
1HGCV3F47LA014620,31932.184
5LMCJ1C91LUL30178,43208.367
5GAERBKW2LJ149924,44538.668
4T1C11AK1LU959724,30560.057
3CZRU6H1XLM730893,25244.736
1GYKPDRS4LZ212863,62155.824
3LN6L5F91LR616276,43208.367
KM8K33A5XKU274163,23285.482
5J8YD4H53LL027261,47277.305
1FMCU0F70KUB19518,19385.479
1FMJU1J59AEA70735,14404.563
2HKRW1H23LH405505,29635.398
1FAHP2D81FG124424,16897.1
5N1AT2MTXLC732761,23743.475
4T1BF1FK0HU434862,16953.836
4T4BF1FK2ER347434,11217.421
SALWV2FV6HA162756,52842.277
ZAM57XSA8F1148847,28414.13
5J6RW2H91LL005922,31815.566
4S3GTAA69L1733192,23817.568
1C4BJWEG2DL685430,25009.512
3FA6P0HD0LR145207,21332.766
5NMSK4AG6AH370019,8406.148
1GYFZFR42LF125733,47277.305
1GYKNCRS5LZ150566,50164.93
4T1B11HK6JU031518,26310.951
3GKALMEV9LL182297,29317.494
W1N0G8EBXLF855996,52842.277
3N1CN8DVXLL903317,17653.986
3GNAXUEV8LL331693,29963.004
2HGFG3B86DH526999,9350.642
JN8AT2MVXHW001778,18906.42
5YFEPMAE4MP150613,26939.713
2HGFC2F62LH562962,23676.441
5FNYF3H81AB012187,8263.568
3GTP9EEL2LG408973,67044.49
2C4RC1BG9DR604155,7460.6123
ML32A3HJ9LH006392,13179.299
KM8K12AA7LU593597,20949.166
1C4RJFBG8FC814888,23871.252
KMHCT4AE7DU295419,7196.2163
1VWBT7A39GC010193,12210.615
JF2SJABC7FH475837,16891.238
1FM5K8GT0HGB29465,28946.66
1FM5K7DHXHGB62547,20331.191
JN8AY2NC1LX517688,50164.93
5UXCR4C00L9D00984,71182.09
4S4BTGKD1L3237717,41023.297
5UXKR0C38H0X77086,36504.973
1C4RDJAGXKC743991,29963.004
3FA6P0LU1LR245307,29963.004
5UXFA135X4LU22056,7460.6123
2GNALBEK0G1120064,13973.212
2T3BK31V59W010899,13337.979
1GCVKREC9JZ195360,37146.773
1C4PJMAK9CW199375,10326.995
2LMPJ9JP7KBL16377,40855.598
3LN6L5MU4HR650890,22274.566
5FNRL5H94DB080988,14404.563
1FMJU1HT6LEA43595,57146.535
1GNSKSKD0MR125507,71182.09
3C4PDCAB6LT201946,21045.215
2GKALNEK7H6332561,19514.166
2GNALBEK0E6333175,9304.49
1GYKNGRSXLZ193159,51112.51
1GKS2HKJ5LR200996,61719.133
3GCUYEETXLG404997,50164.93
1C4PJLDB2KD302393,20697.248
1GCRYEED0LZ312294,47277.305
3N1CN7AP0KL832269,12976.07
1N4AL2APXCC179241,8263.568
3C4PDCDGXCT159272,6502.1475
JM3TCBCY2J0212277,27075.713
3HGGK5H88LM724151,20158.812
KL8CB6SA0MC703482,23743.475
6N1AZ2MH7HN143964,23871.252
WMWSV3C53BTY12233,7196.2163
WP1AA2AY5LDA09824,78291.82
4T1BF1FK6HU799403,16100.094
2GNFLGEK9F6414020,12807.233
LRBFX4SX6LD158765,40007.39
1GCRWDED3LZ352157,36228.47
4T1M11AK7LU385232,31912.174
1FMSK8FH7LGA02916,46522.652
1FA6P8CF2L5170412,47277.305
JF2SJAGC4HH511141,17533.584
KL79MRSL6MB014063,27942.822
2T2ZK1BA0BC062578,11236.284
1C6RR6LM8GS223746,22274.566
3VWC57BUXKM143915,15225.911
WP0CB2A8XKS228960,79377.02
4T1B11HK3JU069420,21544.326
JF2SKAXC8LH439687,31815.566
KMHDH6AE0DU006317,8263.568
3FA6P0HD8JR196225,17533.584
1N4AL3AP5HC170640,16891.238
1FT8W3B68HEB71209,42494.348
SALYM2RV8JA723729,43208.367
1GYKNDRSXHZ181003,25026.86
KM8J33AL6LU215400,24492.428
KL79MUSL8MB025973,24855.531
1GNERFKW4LJ280642,34301.824
WVWKR7AU6HW953653,23752.361
1N4BL4BV4LC272706,22043.9
5NPD84LF9LH517824,19514.166
JM3KFBCM6L1860346,29635.398
JTHBK1EGXC2498777,12210.615
2LMPJ6J98LBL14249,44776.945
5TFEY5F13LX271089,44538.668
3N1AB7AP1JY315466,16247.834
1C6SRFCT8LN120988,44538.668
SALCT2FX9LH870347,47444.27
JN8AZ1MU8AW021164,9263.929
KNDMC5C17M6667922,31932.184
3VWD17AJ2FM281560,9468.3545
3KPF24AD5LE255607,20195.049
JTJHW31U382053776,10685.339
5N1DL0MM5HC555201,29317.494
1GKEV23D59J171985,7296.452
1HGCV1F12JA076479,22889.906
3C63R3EL0LG247484,63502.88
3GYFNEE39FS566620,16079.04
LVY102MK6KP079091,37146.773
5N1AZ2BJ9LN163695,29586.166
5TDZY68A38S005587,16100.094
1C6SRFFM7LN249972,49795.918
3C4PDCAB9HT545746,16891.238
KNDETCA2XM7128161,29317.494
1C4NJRBB9GD579577,11154.626
3GNCJNSB7LL309307,20902.494
1VWBS7A32GC014721,15140.763
1FTEW1CM8DKD11047,15140.763
3N1CN8DV4LL885302,16953.836
KL7CJPSB1HB171497,17009.78
2GNAXJEV5J6348175,18117.752
3C6UR5CLXLG114962,71182.09
1GYKNDRS1LZ232445,54575.61
1GNSKHKCXLR179809,55188.223
1HGCV3F18LA016558,31932.184
1GCVKREC0JZ239018,32658.35
1FTEW1EG9FFA02321,23871.252
1N4AZ1BP5LC307103,32658.35
2B3CJ5DT1BH575607,21182.73
YV4A22PK6K1417151,42494.348
JM3KFABM7L0861930,29635.398
1FAHP2E82HG146630,20974.05
WDDWK8HB8JF627865,56566.875
3VW5T7AU4LM013601,28029.191
SALZJ2FX3LH041614,43563.668
1G11C5SA4GF114291,16247.834
1G1FH3D76K0138861,32874.1
3FA6P0HD6LR250463,23088.297
1GNEVNKW8LJ259640,48441.08
3FA6P0HD3LR261436,22406.855
JM1GL1VM6K1500135,19318.135
3GTU9CED7LG390292,50164.93
JF1GV8J68CL002928,16953.836
5J8TB3H72JL002781,29717.28
KL7CJLSB0LB034763,21059.283
1C4HJXEN0LW115910,47277.305
1FTEW1E49LKE57761,48739.883
1C4BJWDG2DL615914,23871.252
2GNAXKEV4L6273753,26310.951
1FT7X2B65BEC96260,33224.76
3KPA24AD0LE334032,16247.834
WAUYGAFC3DN073102,16079.04
19UDE2F77LA007871,27419.297
1C4GJXAN8LW337614,39040.652
1GNSKDKD4MR132228,71182.09
YV4A22PLXK1415850,42494.348
1C6SRFJT8LN417939,48441.08
1FTEW1EP1LKE62088,45843.67
5NMS53AD9LH263198,32874.1
2FMDK3J93DBC29265,13019.365
JF2SKADC1LH596417,29600.469
3A4FY48B47T554973,5871.045
3GTU2NEC3GG362700,44538.668
2GKALPEK5H6289205,21544.326
3CZRU6H54LM723957,23817.568
1FTEW1EPXLKE04545,45072.34
KL4CJASB8JB514838,17747.797
3C6TRVDG7LE114538,39049.74
5N1DL0MM6HC505858,28646.564
3GNCJKSB0LL273796,19101.19
SCFSMGAW3LGN04967,134748.4
1C6HJTAG2LL128120,40811.87
2G2WR554961236799,5794.776
1GKKNKLA8JZ238030,20974.05
2T2HK31U27C001565,9468.3545
1C4RJFCG9LC418401,50962.33
1V2JP2CA2MC525824,45843.67
5UXFA93524LE81202,10627.715
1C4PJLCB1KD479499,22011.533
1FTEW1E4CLKF13920,51112.51
1FMHK7B80CGA00404,9350.642
1G1ZD5ST1LF157286,25188.66
1FTEW1E49LFB99301,47098.914
1GKS2DKL2MR130157,79713.37
19XFC2F83LE027117,22011.533
3GNCJKSBXLL298415,21332.766
1FMZU73K65ZA17451,8825.537
1FTFW1R61BFA30100,29317.494
1HGCR2F53GA072219,18684.527
2C3CCAGG9KH586097,28946.66
WA1AAAF77HD011006,33241.504
WAUGFAFR5AA049180,9468.3545
3GNCJLSB3LL309356,21332.766
1FTEW1CP2LKF32443,42083.445
1C4RDHDG8KC684380,28061.494
5TDDKRFH2FS139811,22043.9
KL8CD6SAXLC430494,23928.969
1N4BL4BVXLC277764,22011.533
2T3DFREVXHW641169,21059.283
WBS6C9C50FD467653,56725.676
1FM5K8GC6LGC91741,56566.875
2C4RDGBG4LR228012,27523.553
JN8AY2NC7K9580846,37832.89
JTDEAMDE7MJ005972,28946.66
2C3CDXBG3LH214277,26310.951
1HGCR3F88DA022685,15798.587
5FNYF4H98EB032473,15225.911
4JGFF5KE6LA263845,79713.37
2GNAXKEVXL6113456,20697.248
1FM5K8F86JGB10776,28646.564
1C4SDJCT8LC394875,51112.51
5N1AZ2MG7JN105082,20996.863
3GCUYGED0LG435213,56725.676
1GCPYFED3LZ350292,48441.08
2GKALSEK6F6198962,14404.563
1FADP3K27EL110164,9468.3545
2C3CDZAG8LH211050,27075.713
3TMAZ5CN7KM105987,35345.203
1GNERFKW9LJ222154,35145.98
1GCPYCEF9LZ356792,48897.35
1FTEW1EG0FKE98813,28029.191
5NMSG13D27H100166,7296.452
KL79MUSL5MB031942,27523.553
1C4PJMDBXGW335594,15798.587
1FMCU0G61LUB47805,30783.361
WBAUN7C51BVM25216,18684.527
1G4GB5G35GF156110,18688.412
4S3BMDK62B2241023,9350.642
LRBFX3SX8LD168661,41419.156
3GCNYAEF7LG231351,43243.23
1GNSCNKD9MR142028,63502.88
5XXGN4A76FG503204,14404.563
JN1EV7AR1LM256970,43570.312
KM8K12AA7MU634649,22524.299
3VWD17AJXFM216794,11154.626
1FTEW1EP9LFC19797,46093.258
2T1BURHE0KC158543,16079.04
3C4NJDBB7LT165348,27125.992
1FTEW1EP7LFC27607,50164.93
1N6AA1ED6LN510747,48326.258
JTHBJ46G492277901,10685.339
ZACCJBBB4HPE79419,19514.166
1GT12ZE89FF613807,44538.668
1FM5K8F88EGB43607,17552.955
1C4HJXDG6LW240803,46093.258
1C6RR6TT1KS694265,31438.73
1HGCV1F38JA229688,22406.855
KL7CJLSB3LB034997,20331.191
1HGCV1F35LA124707,25009.512
5J8YD3H56LL010366,50164.93
1FTEW1EG8JFA54502,37547.87
1FTER4EH4LLA40781,37540.996
KNAFX4A64G5541580,13973.212
5N1AZ2BJ2LN104827,26939.713
1G1ZB5ST5LF152100,23928.969
1GNSKBKC2LR204585,62155.824
3GTU2PEC5HG189839,37540.996
1FAHP2KT3FG177522,22406.855
2GKFLTEK6G6339560,21728.48
1GCUYDED1LZ323910,43570.312
1C3CDZAB6CN286194,9350.642
WAUU2AF25KN118705,79377.02
1FMJU1HT9LEA06119,62155.824
3KPA24AD4LE321316,16949.352
1GTV2VECXEZ329615,23097.152
3N1AB8CV6LY236914,20195.049
WMWZG3C58BTY35726,7196.2163
JM1BL1VGXB1380859,7196.2163
WA1ANAFY6L2065320,54575.61
1C4PJMDN8LD580474,32874.1
JF2GTAEC0MH219550,27419.297
JN1BV7AP9EM672236,17533.584
5NMS23AD9LH164244,19318.135
1FMSK7DH6LGA10647,38530.59
5J6RW2H20LL001797,29665.092
3GNCJKSB2LL318589,20902.494
3GNAXHEV1LS719300,24379.254
KL4MMDSL6LB120327,27125.992
5TDJGRFH2KS066941,36228.47
1N4BL3AP2DC131065,10809.415
3C4NJCBB9KT736735,27075.713
1C4PJLCB9HW596101,17470.74
1G1FB1RS9H0162373,22043.9
5TDYZRAH0LS027167,40007.39
5LMCJ2D99LUL22902,47098.914
1GYKPGRS3LZ151717,62155.824
WDC0G4KB4HV004627,31815.566
1FMCU0G67LUC00104,28648.21
SALWR2FV4HA142042,48441.08
1FADP3F25DL363766,8406.148
1LN6L9RP8L5600905,55188.223
2B3KA43G28H299277,13019.365
4JGFB4KB3LA238249,62155.824
2HGFC2F84LH572278,22889.906
YV1LS5547W2438232,4340.5156
1HGCS1B35CA012892,13179.299
1C4PJMBX0LD578495,35060.65
5TDYK3DC8GS691417,16247.834
W1KXJ8GB3LA050283,134748.4
1GCRKSE73DZ311328,25188.66
1N4AL3AP4FN348118,13179.299
W1KUG8DB3LA562504,134748.4
W1KWF6EB6LR585260,62155.824
3CZRU6H56LM726438,25473.775
5YFBURHE6GP432951,12210.615
5TDGZRBH3LS051800,41023.297
1FTFW1EGXGFC54178,29963.004
LYV402TK7JB168507,34719.445
3FA6P0G79LR261582,27876.684
1HGEM22901L019232,4983.6655
5NPD74LF0LH610962,20489.03
4S4BSABC1K3383671,27942.822
2LMPJ8KP7LBL22321,55188.223
3GTU9BEDXLG414076,49423.89
1FMCU0G63LUB94317,31815.566
5N1DR2MM8HC651883,28648.21
4T1M11AK4LU967465,31912.174
4S4BRBKCXA3373818,10685.339
JM3KFADM0L1837685,27523.553
KNDJ23AU3L7052493,17533.584
1N4BL4CV1LC273746,24379.254
3FA6P0HD5LR187839,23871.252
1HGCR6F36EA004970,10685.339
5TDGZRBH5LS521115,43208.367
3FADP4EJ7GM188437,9350.642
1V2ER2CA7MC509131,45072.34
LRBFX2SA3LD158030,33928.996
1FTEX1EB0LFC27708,46138.582
KL4MMCSL4LB111720,27914.318
1C3BC2EB1BN532535,7460.6123
JF2SJGWCXHH477291,25188.66
JH4KC1F96FC000635,18684.527
1G1ZD5ST2LF140822,24379.254
3GCUYBEF2LG382602,46522.652
3FA6P0HD2LR143572,23817.568
KM8J33A46LU231704,27871.873
KNDJP3A53J7597150,14404.563
KNDJ23AU4L7109655,18117.752
3VV3B7AXXLM163592,27876.684
1V2WR2CA6MC526670,42083.445
3LN6L5A92HR655148,21093.96
1N4AL3AP2JC133003,12928.6455
1C6RR7MT8HS650485,35345.203
5TFRZ5CN4KX073061,37146.773
1C4PJMDB0HW636764,17470.74
WP0AB2Y17LSA50333,40133.777
3C63RRJLXLG293042,63502.88
3N1AB8CV1LY254382,20697.248
KM8J3CA26HU430600,20949.166
1FMSK7FH9LGC21225,41437.78
1FTER4EH0LLA66164,36528.285
JF1SG63676H752186,4340.5156
JTLKT324754016217,4709.7485
MAJ6S3GL6LC312161,25188.66
1FMJU1KT5JEA69353,43208.367
JN8AT2MV4LW102565,26089.736
1GCRWCED1KZ213346,34301.824
5J6RW2H58HL007347,20331.191
1GCUYBEF3LZ276868,47444.27
1C6HJTAG0LL187747,40007.39
1FTEW1CP5LFB53994,42494.348
1FTEW1EG6HKE43608,40007.39
3GNCJLSBXKL376390,17747.797
WP1AA2A29CLA00285,15179.1045
2T2BZMCA5HC055017,33241.504
1GNERGKW7LJ260505,32874.1
KNAFK4A65G5614180,12823.936
1GCUYDED4KZ131539,36528.285
3HGGK5H42LM722568,18906.42
4T1BE46K29U376811,7196.2163
4T1C11AK5LU380669,30721.178
1C4RJEBM6GC314696,28029.191
KL4CJASB4LB019118,21045.215
JN1BJ1CPXHW035712,14972.04
1FT7W2BT9LEE61916,50164.93
1GC1KYCG7BF165436,31438.73
JTDKAMFU8M3129101,28029.191
3GKALTEV5LL313994,32165.41
5LMCJ1C98LUL26757,43208.367
1FTEW1E50LFB61481,67044.49
KNDPCCAC3F7677852,14599.678
1C4HJXDG3LW291143,44538.668
JA4AD2A37KZ004987,23928.969
JF2SKAUC7LH593120,30658.873
5TDYK3DC5FS578863,18684.527
1GNERKKW6LJ292784,47277.305
1FBZX2ZM3HKA66762,23928.969
3GCUYEED8LG387013,46138.582
KL4MMFSL9LB110533,25009.512
LVY992MK9JP032046,50164.93
YV4102PK2L1580094,55188.223
KL7CJLSB3LB012014,21290.48
2T3BFREV8HW689325,21182.73
NM0LS7E27L1472380,28029.191
1FTEW1E55LKE57569,45072.34
1FTEW1E52LFC01236,46138.582
3VV2B7AX5KM064964,25188.66
3GKALSEX4LL325128,34719.445
55SWF4KB1HU199862,37505.582
1FTEW1E41LKE74604,46138.582
19XFC2F65LE006042,21045.215
2GNFLGEK3H6263534,23743.475
5XYPGDA50HG234236,21544.326
3VWFP7AT8EM620426,13973.212
KNAFK5A84H5715168,16953.836
5NPEB4AC1EH921203,13019.365
1YVHZ8CH8A5M16952,8263.568
3FADP4EJ6HM152613,13337.979
3VWCB7BU5LM072830,22274.566
WA1ANAFY3L2106633,49795.918
4T1B11HK7KU197225,23788.166
5NPEU46F46H018140,5794.776
5TDBZRBH9LS517952,39845.375
3GCNYAEF2LG231872,34301.824
1FA6P8CF6J5128161,39947.496
5TDKZ3DC8LS079164,37832.89
1G4HP57206U203308,7296.452
2GNFLFEK7G6161744,16949.352
1FTEW1E4XLKE20282,50962.33
2C3CDZBT2LH191857,39947.496
3CZRU6H50LM713524,25188.66
JF2SJALC6JH592607,18117.752
5FNRL6H76LB073415,39040.652
1G6AW5SXXH0166129,27216.582
4S4BTGPDXL3240155,42494.348
5N1AN0NW8FN657641,20489.03
5NPEU46C89H419023,7296.452
1C4HJXDG9LW250273,48326.258
5NPD84LF1JH235822,16100.094
2T2BZMCA9KC210501,51112.51
5TDHBRCHXLS512983,39040.652
1N4BL4BW8LC253097,27125.992
JN1BJ1CP8KW238878,20902.494
5N1AR2MM7DC622968,12823.936
1VWCN7A30DC139563,14599.678
1GKER13D19J113306,7196.2163
1FTEW1E41LFC06628,62077.016
JM1GJ1U61F1163548,10627.715
4T1BF1FK8EU849116,15225.911
3HGGK5H4XLM722768,18906.42
2HGFC2F55HH552795,16891.238
1FTFW1E40LKE39833,49368.863
3MYDLBYVXLY715979,16949.352
1GCHSBEAXL1247745,25806.21
WAU32AFDXFN037007,40811.87
1N6BD0CT4GN709172,20195.049
1C4RJEAG5LC246350,31207.254
1GTG6CEN1M1103348,39947.496
1FADP3F20DL258472,7196.2163
5N1DL0MN6LC531734,43243.23
5TDXK3DC6GS711451,22274.566
5N1AZ2AJ5LN157054,31438.73
3GNCJPSB2GL272619,16100.094
1HGCV1F12LA095469,25514.064
3GKALVEV9LL183021,27871.873
2T3H1RFV1LC084628,30439.406
5TDYK3DCXFS553392,15179.1045
JN8AY2NC0H9508928,32874.1
1FMSK8DH5LGC55784,48897.35
1FMSK7DH5LGB82880,43563.668
2GNAXHEV9L6270883,25473.775
3GCUYEET4LG379630,47098.914
1FM5K8GC8LGC89005,56566.875
1GTG6FEN7M1103257,37540.996
3TYSZ5AN5LT004699,45843.67
1C4HJXDN6KW622973,44776.945
WDDSJ4EB6JN576287,25837.59
1FMCU9GX2EUB90758,15140.763
4T1C31AK3LU542728,31912.174
19XFC2F64KE014681,17470.74
19UUB1F36LA018070,33224.76
1FADP3K22EL181952,8825.537
3N1AB7AP8DL739907,10627.715
SADFP2FX1K1Z43554,43570.312
1FTEW1CP6LFC49066,45843.67
5N1DL0MN8LC500050,49368.863
KM8K3CA58LU525506,27216.582
1FMCU0HD1JUD00581,16247.834
1GCRYEED6LZ341248,42494.348
5N1AT2MT0EC779512,11217.421
1C4BJWDG3DL634889,27914.318
3GNCJKSB6LL303383,20996.863
JF2SKALC7LH600214,31815.566
1FA6P8THXJ5116712,23676.441
ZACNJBC18LPL61751,25514.064
1HGCV1F64JA047495,22043.9
2T3P1RFV2LC126770,35145.98
5LMCJ1D94LUL19156,46522.652
2HGFC2F86LH559631,20933.834
KM8J33A43MU307560,26099.373
2G4GK5EX4G9207465,18671.01
3VV4B7AX5KM157914,25514.064
WBXJG9C00L5P94380,34301.824
2GKFLTE35H6198121,25188.66
ZFF80AMA7J0232058,134748.4
2T3WK4DV6AW005590,10627.715
KNALC4J13L5221096,39049.74
1FMCU0G68LUB66447,29317.494
1C4AJWAGXCL135974,18906.42
1FMSK8FH6LGC39509,47444.27
2G1FT1EWXE9174443,21728.48
5TFDW5F13EX370662,29635.398
3N1AB7AP5KY405690,17653.986
1FT7W2BT4KED74200,63502.88
5N1AR18B29C607238,7460.6123
5YFHPRAE3LP054738,29600.469
19XFC1F97LE212404,26310.951
KL7CJKSB3MB304421,21728.48
WA1ANAFY9L2039973,50164.93
1C4RJEAG1LC403744,46093.258
JM3KFBCM2L0852136,28648.21
5TDZZRFHXKS333868,34301.824
1FMJK1JT1LEA76049,67044.49
1C6HJTFG7LL217125,41437.78
19XFC2F62LE212435,20996.863
4T1G11AK6LU976875,29665.092
WBA8B9G36HNU54203,24379.254
1HGCV1F38LA132266,28414.13
1C6HJTAG2LL150747,40811.87
2C3CDZAG1JH339398,25009.512
3GCPYDEKXLG345948,39049.74
5TDDZRBH3LS054134,41023.297
1C4BJWDG8HL536415,31815.566
1G6DA5RK6L0146264,38530.59
2T1BURHE4KC165334,17009.78
3GNKBERSXLS726232,37540.996
JTMP1RFV0KD024250,29586.166
KNDERCAA8M7127063,26089.736
2FMPK3K93JBB32493,23928.969
1HGCS2B82CA002189,10685.339
3GNKBARA4LS678999,27419.297
1N4BL4DV1LN317442,25188.66
1FMCU9GX5EUC14177,10326.995
1NXBR32E95Z343412,4709.7485
3N1CP5CU9JL519723,20996.863
KM8SR4HF3HU193095,22274.566
3LN6L5E90KR602496,32658.35
1N4AL3AP5GC285589,10809.415
2LMPJ6J92LBL18698,48739.883
1FMCU0G61LUB59954,29717.28
2C3CDXCT5KH584429,29317.494
JN8AS5MV7BW257453,8263.568
5TDZZRAH2LS029085,41419.156
2T1BURHE5GC622031,11154.626
2T3P1RFV4KC025325,31207.254
1FA6P8CF8L5170396,47063.086
WA1ANAFY2J2011994,32874.1
4T1C31AK7LU538617,31932.184
3GNCJKSB1LL313805,19959.504
1GNSCBKC0LR143895,48739.883
3LN6L5F98LR613343,43570.312
3MVDMBEMXLM108106,25188.66
3GNCJLSB1LL129146,20697.248
2FMPK4G92LBA03985,37832.89
1GNSKNKD8MR123506,67044.49
1FMCU0E74CKB11209,7296.452
1GTP9EEL4LZ339221,67044.49
4T1BF1FK3HU797818,17747.797
JTDKDTB33D1538634,9304.49
4S4BTANC2L3249276,31207.254
1FT7W2BT7KEC60806,62077.016
4T1K61AK6LU990982,29600.469
4T1L11BK1LU005148,30560.057
JF2GPAGC2D2211292,10685.339
1FMCU9GD5HUE98601,16429.86
JTNK4RBE1K3073093,20158.812
JTDKARFU9L3114473,27075.713
1FTEW1EP0KFC82981,47444.27
WBAJB9C52JG463886,52842.277
LRBFX2SA2LD168791,35345.203
1FMCU0GD5JUB41209,17653.986
KL7CJLSB1LB009516,21728.48
5NMS33AD2KH007554,23928.969
1FTEW1CP2LKE59011,39326.645
KMHD84LF8HU156529,14972.04
3C4PDCAB4LT253978,21045.215
1FTEW1E4XLKD23289,48326.258
1FTVX1EF2EKG10630,20996.863
4T1K61AKXLU979239,28061.494
KNAFU4A20D5655920,4709.7485
1G1ZB5ST9JF252374,17533.584
1C4PJMBX1LD655486,39049.74
WDC0G4JB6JV061726,29459.51
1FTRW07L53KA65649,5871.045
KMHH35LE9JU021062,15225.911
2FMPK4K89GBB30396,22524.299
5LMCJ2C90KUL09519,28061.494
5NPE34AFXKH808921,19514.166
7JRA22TK9LG066437,45072.34
2GNFLFEK3G6322980,19514.166
1FMCU93108KD84884,5871.045
1FTEW1EP2LFC30463,46138.582
3PCAJ5M15LF119041,40811.87
5YFEPRAE6LP025530,27871.873
5YFBURHEXHP718366,17552.955
3GKALTEV8LL198632,31932.184
JTMRFREV4DD025576,12210.615
WBAJR7C04LCE48632,51112.51
1FMJU1HT5LEA71467,56566.875
5NPE24AFXKH775874,17747.797
3KPA24AD9LE313471,18117.752
JM3KFADL9H0177652,21332.766
3C4NJDCB3LT209151,26776.0
1FMSK7DH7LGB80581,41419.156
1GYKNAR42LZ232406,40811.87
2C4RDGBG9LR155736,26310.951
SALYB2RX4JA742592,36228.47
WA1ECCFS1HR017771,26310.951
1N4BL4BV5LC206343,19514.166
3KPF24AD0KE099989,15569.301
2C3CDZC9XGH220966,56725.676
3C4NJCBB4KT750445,23409.584
1D8GU58667W630607,7196.2163
3C6UR5CL2LG185721,78291.82
1FMCU0F66LUB91154,29717.28
MAJ3S2GE3LC328008,20195.049
KL79MPSL6MB034561,25514.064
1GKS2DKL8MR136335,79713.37
4S4BTAEC7L3267675,31815.566
KM8J3CAL7MU315068,33241.504
1GCRYDED6LZ371117,42083.445
2HKRW2H84LH668192,33224.76
1FTEW1EP9KFA71021,40855.598
2C3CDXBGXEH307784,15225.911
1C4RJFLG6HC602766,29635.398
3C3CFFGE7HT543963,21795.451
3FADP4BJ4KM142674,12807.233
1GCRYEED5LZ337630,41023.297
1FTEW1E56KKE92071,41023.297
3C4NJDBB8JT167817,20949.166
1FTEW1EG8JFA95499,43570.312
WDC0G6EB3LF729999,63502.88
3GNAXHEV9LS687759,24855.531
3VW2B7AJ0HM375816,16247.834
3FA6P0T98KR233469,25837.59
2HGFC4B03HH306026,16100.094
3FA6P0LU1LR142839,29665.092
3FA6P0G70LR168174,27216.582
5FNRL38428B079918,8406.148
3C6TR5CJ8LG226668,63502.88
1FTEX1CW4AFC11286,14599.678
1G1YY22G525113166,18671.01
5N1AZ2BS9LN148073,35345.203
WAUACGFF0F1062918,20697.248
1FMSK8DH1LGC71769,47277.305
WDDZF4JB0JA325455,35345.203
1N4AL4FV2LC115150,31912.174
5N1AZ2MH0HN169239,23871.252
WBAJA7C30HWA70672,31438.73
1FMCU0J95KUC31031,21045.215
3MZBN1U76JM167997,16897.1
5TDHZRBH1LS041187,43208.367
1G1ZE5ST9HF187978,16079.04
1C4PJMLB9KD406628,26089.736
1FM5K8F81HGC98407,33224.76
1FMSK7DH0LGB80745,42494.348
1FMCU0GX6FUC77544,12807.233
1FTEW1C51LKF00565,46522.652
4JGDF6EE7HA932351,48326.258
2HGFC1F75HH650690,18117.752
JN8AY2NC9K9588236,43243.23
1C4HJXFN8LW345953,48897.35
1N4AA5AP1EC432814,12976.07
WDDHF8HB9AA238971,13337.979
2HGFC1F93LH683102,24379.254
3C6UR5SLXLG200192,71182.09
KL7CJKSB7MB304177,20996.863
5NPD74LF8KH489550,16100.094
5TDJKRFH6GS265609,23788.166
1HGCR2F55HA266316,18154.424
3N1CN8EV6LL828971,16429.86
1FMJK1HT1LEA33997,62155.824
1FMSK7FH7LGA58445,45228.246
3N1CP5CU2KL524697,16247.834
1FATP8UH5K5138278,23871.252
1FMCU9J92JUA19027,21332.766
5J6RW1H26LA009053,27419.297
KL79MMS24MB025556,24492.428
1C6SRFHT6LN195097,47277.305
3KPA24AB6KE221232,14599.678
3C63RRJL6LG215549,63502.88
1FTEW1E44LFC38103,46522.652
4T1B11HK2KU730680,24379.254
5N1DR2BM1LC625296,35060.65
1FD8X3H6XLED52675,45072.34
5TDHBRCH1LS509745,39845.375
1C4RJFBG2LC397022,46522.652
3C4NJDBB6JT402733,18684.527
5NPE34AFXGH342270,16897.1
1N4BL4EW9LC100143,24492.428
2C4RC1GG4LR224180,36528.285
JTHBW1GG6H2154128,23788.166
SALYK2EX2LA285628,50164.93
WBA7T2C09MCE94182,134748.4
1C4RJFAGXLC266762,39326.645
1N6BD0CT0HN712894,16247.834
JTEBU5JR0L5832867,40811.87
2C3CDXBG7JH257629,27075.713
3N1AB7AP7KY435659,15140.763
1G6DU5RKXL0140085,47098.914
MAJ6S3GL6LC357214,25188.66
3GNMCEE0XDG216915,23676.441
1GNKRHKD5HJ350430,24855.531
WBAJA5C36HG897684,31932.184
1FTFW1RG7JFB82339,56566.875
KNDEPCAA8M7084169,25244.736
7FARW2H80JE095288,24379.254
3FA6P0HD0LR265444,23676.441
5TDYKRFH8GS159645,20489.03
1FMJK1K50CEF22787,13170.461
3GNAXNEV3LS592385,23871.252
5FNYF3H57CB001154,14599.678
1GD48LE73LF248886,52842.277
KL7CJKSB7LB085140,20427.252
3N1BC1CP9AL443253,7196.2163
NM0LS7F27L1468943,25837.59
1GNSCBKC4KR396569,42083.445
JM3KFBDM5L0818206,29717.28
2FMPK3K92KBB62229,24412.049
MAJ3S2KE0LC327342,23752.361
3N1CN8DV9LL903986,16799.455
KNMAT2MT4LP525909,25473.775
1N4BZ1BP2LC308732,36504.973
1FTEW1E41LFC18956,67044.49
5FNYF6H56MB007949,40811.87
SALRG2RV0L2420999,61719.133
KL4MMCSLXLB071322,28646.564
4M2CN9HGXAKJ17167,6502.1475
KL8CB6SA8MC701138,21795.451
5TDYZ3DC9KS013909,28648.21
JTMDJREV7GD008820,24729.113
1GCGTBEN2M1120422,39626.176
5UXTR9C56KLD99157,43563.668
3LN6L5A91LR615474,37505.582
5TDYY5G14CS039277,16949.352
JHLRD78846C033852,5871.045
1GCRYCEF1LZ293311,39845.375
2C3CDZAG0LH206439,29317.494
3FA6P0HD5HR378779,15569.301
JN1BJ1CV4LW256147,21728.48
1C4HJXDG7LW274605,45646.176
3GNAXHEV6LS592429,23817.568
5YJSA1E40HF171920,26099.373
W1W4EBVYXLT022110,52842.277
JN1BJ1CV4LW543536,22274.566
WDC0G4KB5GF094119,28414.13
W1N4N4HB2MJ116549,45072.34
4T1C11AK9LU936000,29635.398
2FMDK3J94CBA11589,9350.642
1C6SRFFT6LN396839,50962.33
1FTEW1E4XLFB62659,49795.918
3GKALSEX0LL306334,33224.76
SJKCH5CP3HA025151,25009.512
1C4RJFCG5LC426866,44776.945
JM1NDAC71L0416121,35060.65
KM8J3CA44LU261123,27075.713
JF2GPABCXH8217822,21728.48
3TMCZ5AN2KM207919,37505.582
3C4NJDBB4LT256447,24412.049
1C6SRFFT5LN347387,49368.863
2C4RC1BG1DR573516,7296.452
WAUB4CF57JA062912,45072.34
1C6RRFFG3LN353268,43208.367
KM8J3CAL4LU145847,28648.21
3FA6P0LUXJR137393,20902.494
KM8K3CA57LU590198,25009.512
KNMAT2MV0KP538253,21544.326
3GTU2VEC3EG448649,34719.445
19UUB1F35LA015905,27125.992
3VWDB7AJ9HM267087,15798.587
MAJ6S3JL8LC348958,24729.113
3GCNWAEF4LG115787,30560.057
JM3TCADY3J0208506,24855.531
1HGCR6F34EA005454,15140.763
3FA6P0HD4LR253393,22274.566
1FMCU0D71AKD37223,5794.776
1ZVBP8CF2C5245339,16079.04
1FAHP2D83EG162087,8406.148
1G6DP5RK9L0123141,47277.305
KMHGN4JE2FU043639,20427.252
1FTEW1EP8JKF14734,34301.824
JNKCV61E49M304965,5380.3696
KNDPM3AC2L7816653,25473.775
1FMCU9G64LUB68197,32165.41
JM3TB3CA3E0431282,14599.678
1FMCU0G6XLUB28962,29665.092
WAUENCF58JA136784,36504.973
JM1BPBMM9K1125525,24412.049
WBY1Z4C56EV274739,21059.283
4T1BF1FK2HU662183,20902.494
3GNAXUEV5LS649034,31438.73
5NPEB4AC0DH647281,10326.995
1FTEW1E47LFB26363,46138.582
JTNKHMBX5K1030834,21290.48
ZHWUC2ZF7GLA04416,134748.4
3GCUYEED3LG396492,46093.258
JTMDJREVXHD111229,25009.512
TRUMF38J581002613,4709.7485
1GNEVHKW9LJ174579,37832.89
JM1CW2CL5C0107949,8263.568
WAUB1GFF2J1087256,32874.1
1FTEW1E40LKE93242,51112.51
19XZE4F99ME000601,28029.191
1C3CCBBB7EN179747,10685.339
3GTU2NEC0JG247804,47277.305
2C3CDZL97KH741278,71182.09
1GYKNFRS4JZ159189,31932.184
1FM5K8HC0LGD04921,56566.875
JTEZU5JR7L5226285,40811.87
3KPFK4A70JE234171,12823.936
5NPD84LFXHH010003,13337.979
3MW5R1J00L8B29864,45228.246
3GNAXHEV2LS597398,23752.361
1HGCP2F8XBA067477,7296.452
2C3CCAAG2LH175473,28061.494
JTDL9RFU4L3014164,33928.996
3FA6P0HD6LR233971,22043.9
NM0LS7FX4G1265090,15225.911
5NPD84LF8JH283690,15798.587
5TDXK3DC0FS570911,19101.19
JN8AT2MT0KW501731,19318.135
1FTFW1ET4DFA05383,16953.836
5YFEPMAE0MP148907,28414.13
1HGEJ8144TL074304,4340.5156
1GCVKREC6HZ150614,35345.203
3KPA24AD5LE285927,15759.715
YV1960AS2A1120121,9350.642
5FNYF6H32HB034313,29665.092
3VWCB7BU9LM015935,20427.252
JF2SJAGC9JH545453,21544.326
LRBFXDSAXHD222034,20933.834
1FTEW1E48LKD64181,49795.918
1GNSKSKD0MR121540,67044.49
3C4PDCAB8LT214164,21673.107
2T3W1RFV6LC085815,32874.1
1FTEW1EG9HFC76122,38301.605
1HGCR3F85DA032168,13179.299
1FTBR1C89LKB20765,37146.773
WAUENAF41KA034448,37505.582
1D7HA16N88J142861,6502.1475
KL7CJLSB7LB010380,18906.42
1GCGSCEN9L1201151,37505.582
3GYFNCE30DS638659,16897.1
JN1EV7AP1HM742202,25473.775
1GNERFKW7LJ303704,36504.973
5TDDKRFH1FS156051,24729.113
3C4PDCBGXHT566339,17009.78
5NMS23AD9LH137223,27942.822
1N4AL3AP6GC142831,11236.284
1ZVBP8AN6A5135739,8263.568
2C4RC1AG0KR657907,24855.531
SHHFK7H41LU422562,26099.373
3GCUYDET7LG388266,49368.863
5XYPG4A3XKG451881,18154.424
2HKRW1H22LH418052,30783.361
1FTEW1E42LKF08873,48897.35
2C3CDXJG5LH155542,32658.35
2C4RDGCG4HR673193,13337.979
5NPEL4JA7LH002282,27876.684
1V2ME2CA3LC208507,44776.945
1GNSCBE01DR160093,20697.248
MAJ6S3JL9LC349861,20916.602
1FTSE34L34HB43001,5871.045
1V2PR2CA7MC516833,43570.312
3C6UR5PJ9EG307034,45843.67
19UUB2F62JA007788,25188.66
JM1BPACL8L1166765,25188.66
1FADP3K22FL335531,8406.148
5YFM4RCE0LP009616,31815.566
JM3KFACM7L0838324,29963.004
JN8AT2MVXLW142777,27125.992
5J8YD4H5XHL003000,34719.445
5TDDZRBH5LS038274,42494.348
KMHDU46D37U135088,4983.6655
YV4162UM4M2397683,44538.668
1C6HJTAG8LL211714,42083.445
3GNAXSEV9JL352229,25188.66
3GCPCPEC0JG527213,39049.74
1FTEW1EP7HKE18202,32874.1
JN8AY2NC6K9585701,39326.645
1C4PJMCB4HW521246,20902.494
55SWF4KB1HU193172,26776.0
1G1ZG5ST9LF151002,23752.361
3N1AB7AP4HY341263,20427.252
2T3RFREV7JW756047,22406.855
3GNAXKEV4LL267317,23743.475
4T1BK3DB8CU461844,10326.995
1N4BL4DW6KN328587,23752.361
5GAKVDKD1DJ107643,16079.04
JTEZU5JR3L5226641,35345.203
WA1DGBFE2CD006515,16079.04
4T1G11AK7LU381503,33224.76
2T1BU4EE3BC537978,7460.6123
1FTEW1CP8LFC39171,39845.375
2C4RDGBG4LR243030,26310.951
2GNAXUEV5L6100027,27125.992
KMHGN4JEXJU236730,31815.566
2FMPK4K83HBB72919,23871.252
5FNYF4H59BB021622,9263.929
1G1FC1RX9H0117099,21093.96
1N4AA6AP1HC439899,22043.9
3LN6L2JK4GR610373,23409.584
19UDE2F32HA007118,18671.01
5FNYF8H58LB015786,37849.69
1FD8W3HT0KEF04096,51112.51
JM3KFACM4L0844954,27125.992
3C6UR5NJ8JG426352,63502.88
5YFEPMAE2MP156636,27876.684
YV4CZ592X61303355,4983.6655
KL4CJASB4HB229015,16079.04
5FNYF5H56MB004785,37540.996
1GKFK66U75J175420,11154.626
5J6RW2H27LL018886,31815.566
KL4MMBS22LB129019,22406.855
2FMPK4K95GBC46588,21728.48
3C4PDDEG6KT795111,23097.152
1C6SRFFT2LN407884,46522.652
WBAXG5C5XDD233362,15798.587
1FMSK7FH8LGA24143,41023.297
2C3CDYBT9EH106039,29459.51
KM8K3CA53MU610562,28061.494
JN1EV7AR5LM253778,45072.34
1C4GJWBG7GL163214,31438.73
5N1DR2MN3KC627782,27419.297
1C4PJLCB2GW302648,12807.233
JA4AP3AU4LU012369,22043.9
2T2HZMDA8LC251101,54575.61
3TMCZ5AN9LM367331,40133.777
1C6RR7LT1HS834894,33241.504
3GNKBBRA4LS729276,31438.73
5NPDH4AE4DH371778,14404.563
3GNAXHEVXLS679623,24379.254
W1W4ECHY9LT022665,45843.67
2C4RDGBG8HR687759,10627.715
5FNYF4H92AB020684,9304.49
3GNKBCRS2LS714015,39947.496
1G6DK5RKXL0152856,44776.945
1FTEW1EG6GFA47959,41023.297
YV4960DL9A2119890,9304.49
19UUB1F50GA013406,19959.504
1C4HJXFGXLW142614,51112.51
3C4PDDEGXJT464398,18684.527
1C6RR7LG1ES110749,18154.424
1G1FY6S05L4134267,37146.773
5TDBZRBH6LS520162,44538.668
1HGCR2F35HA287164,16799.455
5YFS4MCE2MP061003,28946.66
3VWDB7AJXJM262938,17552.955
1C4RJFCT3LC398675,49368.863
JN8AZ2NE4K9234087,47098.914
1FMSK7DH2LGC89269,40855.598
JTHBE1BL4D5009752,15759.715
KNMAT2MVXLP517363,25514.064
4S4BTANC3L3195714,30560.057
3N1CN8EV2LL801881,17552.955
1G1FZ6S00L4136604,35145.98
4T1F11AK0LU976138,33224.76
2T2HZMDA6LC255406,51112.51
2C3CDXHGXKH673618,27871.873
3CZRU6H59LM705597,24855.531
7FARW1H51LE016441,29459.51
3GNAXKEV0LS680566,23788.166
2GNAXHEV7L6275788,26310.951
1ZVBP8CU3D5273828,32249.252
WA1YD64B94N050534,15759.715
JM3KFBAYXL0851323,37832.89
3GNAXKEV5LS582519,26939.713
5NPD84LF9JH254070,11217.421
3HGGK5H87LM709494,20158.812
JM3KFBDM7L1841643,30658.873
1HGCV1F17LA105879,25026.86
JTHCM1D25H5021653,33224.76
3GNCJLSB0LL279720,20949.166
1GCRWCEDXLZ365157,41419.156
4JGDA7FB2HA958493,134748.4
1HGCV1F10KA093573,25244.736
2C3CDXBG5LH108039,29635.398
1FM5K7BH0HGD10031,24729.113
3VV3B7AXXKM144488,20902.494
MAJ6S3JL4LC318873,27419.297
1GTR8CEKXLZ173326,38301.605
1FMJK2AT4LEA55220,61719.133
1GYS3BKJ2KR281440,52842.277
1FTFW1RGXKFD38441,63502.88
3C4PDCAB4LT259408,22274.566
JM3KFACM1L0861517,28061.494
WBA73AK0XL7F88848,42083.445
2CNALDEW3A6344040,9350.642
1FMJU1JT6KEA36445,47277.305
JN1AZ4EH3KM420172,55188.223
1GHDX03E81D291565,5380.3696
1FTSS34L68DA55016,7460.6123
1C6RRFFG4LN305536,41419.156
7FARW1H82LE014191,28061.494
1C4HJXFN6LW339200,48739.883
2GNAXTEX9J6282775,26180.658
1FMSK7DH7LGC75688,40855.598
JA4MT31R91P056917,4340.5156
5GAKRBKD1HJ130242,23817.568
1GKKNKLA1LZ235375,31815.566
5NPD84LF8JH235042,11154.626
JHMGD386X8S036452,7460.6123
WA1DECF34L1119314,41023.297
5TDZK23C28S145732,5871.045
3VWCB7BU0LM009988,21544.326
5N1AT2MTXLC703504,21182.73
1C6RR7LG6HS870437,27075.713
YV4102DLXM1676537,48527.336
1G6DN5RK1L0122670,46522.652
5NPE24AF5HH535558,15759.715
1C4RJEAG2LC430404,48739.883
1G1ZB5ST6LF149299,23409.584
KM8J3CA42MU293506,30783.361
JN8AT2MV1HW017450,19318.135
4JGBF7BE0AA569205,15140.763
4S3GKAD69K3608226,20949.166
5TFCZ5AN7HX117586,31207.254
5N1DR2MM3KC626378,25514.064
2GCEC19V1Y1150054,5380.3696
JTMRJREV9JD189741,26099.373
1FTFW1EF1CFC18977,14445.119
2HKRW1H21LH408290,28061.494
1G1YY32G245125154,39040.652
3GNCJKSB3LL327057,19385.479
5XYPG4A5XLG669130,27075.713
1GNSKSKD0MR121389,62077.016
ZACNJABB0LPL68231,20974.05
5TFUY5F15HX627626,34301.824
JN8AS5MT8AW506257,5871.045
3N1AB7AP8KY329169,15140.763
KNDCB3LC3L5375628,30439.406
JN8AZ2NC5K9460962,56725.676
KM8JUCAG3FU104758,16799.455
1FMCU9J9XLUA40601,35145.98
1N6AA1EF4LN511915,45646.176
1N4AL3AP7GC244851,15798.587
1C4NJPBB0GD761446,10627.715
3MW5R1J03L8B42026,48897.35
1FADP3K22EL285745,10685.339
1C6RR7FG7HS631426,25806.21
2HKRW2H9XLH671123,31815.566
3N1AB7AP9JY255209,15140.763
JN1BJ1CP5KW520864,16953.836
KM8J33A21HU481275,20427.252
JTHBK1EG6B2471560,12807.233
1GTU9DED6LZ319588,56566.875
1C6RR6LM3GS376390,25026.86
3GNKBGRSXKS696997,39326.645
5XYPGDA56LG618160,27216.582
1N4BL4CW3LC115479,27125.992
19XFB2F93DE258130,9468.3545
3TMLU4EN0AM048075,21802.803
2GNAXKEV5L6252670,26180.658
SALVP2BG1HH199654,29665.092
4S4BSADC4H3351352,23788.166
1VWCN7A33EC113072,14445.119
2C4RDGBG8LR233732,28946.66
3MEHM08Z09R635418,7460.6123
3MW5R1J00L8B18508,45072.34
1C4HJXEN8KW586069,39626.176
1C6RREMT6LN238707,40855.598
2C3CDXHG7KH581804,34301.824
7FARW2H50JE016160,25473.775
3CZRU5H33HG708235,18117.752
1C4HJXDG9LW340474,48739.883
JF2GTAPC9MH200931,27876.684
JF1GR89658L826935,16949.352
2C3CDXBG0LH208016,27876.684
1GNSKSKD0MR127211,63502.88
1G1ZB5ST6HF115483,16079.04
SALCK2FX6LH864640,45072.34
SALGS2FV0HA369592,62077.016
KL4MMFSL8LB107851,26310.951
KL7CJNSBXLB349825,20427.252
3N1AB7AP0KY299732,15140.763
1C6SRFFT9LN420955,46522.652
7JR102FL1KG002109,32874.1
2HGFC1F34HH637068,20158.812
JTEBU5JR7L5834941,42083.445
1FTEW1E44LFB63855,45646.176
JF2GTHNC2M8219025,29600.469
1FMCU9H93LUA63157,38301.605
2C4RC1BG1KR583041,27871.873
JTEBU5JR2K5671260,36528.285
1G4G45G39GF196426,18154.424
1FTYE1Y85LKB46004,40855.598
YV4A22PLXJ1193745,37505.582
JM1GL1XY7J1328891,29586.166
1FAHP2KT0FG186677,19514.166
1FMCU0GD1JUB69542,17552.955
2T1BURHEXHC958274,17009.78
1FTEW1CP5LKE77695,40811.87
KNDCM3LD9L5391092,29459.51
1FT8W3DT3FEC23491,48739.883
2C4RC1FG4LR209700,31207.254
KNDPMCAC8H7205839,16247.834
KM8J23A45MU285760,23743.475
3GNCJRSB7LL234566,25514.064
1FTER4FH1LLA35116,36504.973
5FNRL38858B067166,6502.1475
1FT7W2B69KEF52063,71182.09
5LMCJ2D91HUL40401,27419.297
3FA6P0HD0LR247395,23088.297
1FT7W2BTXKEG68071,79713.37
1GTW7AFG0L1201847,56566.875
4T1BK1EB8GU224571,23097.152
1G6AX5SS2G0104305,22274.566
JN1BJ1CR9HW141957,20697.248
5XXGT4L30LG384089,17009.78
3VW5T7AU3LM000628,30439.406
WDDNG71XX8A193033,13337.979
5FNRL6H73LB042364,35345.203
4T1M11AK5LU993833,33241.504
ML32A3HJ2FH003533,7196.2163
JN8AZ2NE0B9000576,16079.04
KNDPNCAC9L7835441,29586.166
1C6SRFFT1LN416494,54575.61
1G1FB3DS2L0104939,30439.406
3FA6P0CD4KR118016,16897.1
5TFLU4EN8FX113269,24379.254
KL4MMGSL5LB061899,31815.566
1GNSCBKC2HR167672,37832.89
5LMCJ2D93KUL01641,39845.375
1FT8W3BN1LED83658,50962.33
JTMF1RFV5KD011148,26939.713
2LMPJ8KP5LBL18560,62155.824
JN8AT2MT9HW130884,14404.563
2T3W1RFV6LW100201,30721.178
1FMCU0JD9HUD74450,17653.986
3GCUKSEC1FG349022,31207.254
5YFBURHE7FP215570,12807.233
JN8AT2MT3LW033690,23871.252
1GKKNKLA8LZ226026,30560.057
1FTEW1E46LKF07080,50164.93
1FATP8FF1J5119298,37505.582
KNDJ23AU7L7063822,20331.191
JTDKN3DU3F1901178,11236.284
3VWED21C22M445058,4709.7485
WDDZF4JB2JA391554,35345.203
3FA6P0HD4FR188436,15140.763
1C4BJWDG5DL515449,25026.86
5UXCX6C06L9D18116,134748.4
5J6RW2H84KA018844,28061.494
1GCGTEEN5K1108022,28061.494
1HGCV1F40JA110543,21093.96
KNDJ23AU9L7731894,20158.812
5J8TC2H65ML003801,46138.582
3GNCJPSBXLL293504,25244.736
1FD7X2B69LED79719,40855.598
JM3KFADM1L0838642,30783.361
1C4HJWEG5FL526477,31932.184
3GTU9DED2LG370540,55188.223
3GCPWCED5LG414627,45228.246
KL8CH6SA5MC700110,21795.451
1C6SRFFT9LN218830,50164.93
JTHBK1GG4G2242329,25244.736
KL4MMGSL8LB040500,25009.512
5GAEVAKWXLJ187990,47098.914
1HGCP36898A006846,8263.568
JC1NFAEK7H0125784,22406.855
WA1AECF33L1115080,39040.652
1FMCU0G69LUA61304,29459.51
3FA6P0G76LR234534,27419.297
5TBBT48102S227685,5794.776
1G1BE5SM9H7178637,16247.834
1FTEW1EP5HFB19574,39049.74
3GNCJLSBXHL249681,16949.352
JTMZFREV2HJ143388,20489.03
1GCGSCENXM1123075,33224.76
1FTEW1C49LKE60324,40007.39
WBSJF0C03LCE37567,134748.4
1FM5K8GT7HGD03855,39326.645
3N1AB7AP7KY214210,16429.86
4S4BTAEC9L3240171,32165.41
4T1B61HK7JU509446,23928.969
1N4BL4CW2LC272159,27523.553
1FMJU2AT7LEA65962,62155.824
1N4AL3AP7JC261155,16891.238
1FTFW1EF3HFA17881,37505.582
3TMCZ5AN3LM314480,39845.375
JTJAARBZ1L2177115,42494.348
19XFC2F76HE027336,17009.78
5YFBURHE2JP815972,15225.911
WDC0G4KBXHF224011,32874.1
1GNSKCKJ2KR140678,50164.93
WMEFJ5DA5GK136549,18117.752
KM8J3CALXKU880718,21795.451
4T1C11AK3LU983278,31438.73
5XYPG4A52LG631987,24492.428
2LMPJ6K98LBL03587,50962.33
1J8HR68T89C546575,9304.49
3GCPWFED2LG414621,48441.08
5J6RW1H20LA013633,28946.66
KM8J3CA27JU760123,21802.803
2GTEK13C681142364,10809.415
1C6SRFFT5LN184787,43563.668
5J6RE3H3XAL027368,9468.3545
3C4NJCBB8JT304782,22274.566
ZACCJBDB6HPF96321,21332.766
JF2SJAEC9HH508416,21290.48
2HGFC2F64LH515688,18154.424
3GTU9BED5LG414857,50962.33
2GNAXKEV8K6284107,21045.215
1G1PM5SC4C7236162,8263.568
1C4HJXEG9LW318781,43563.668
1NXBR32E66Z628795,8825.537
WDZPF0CD0KP116546,49368.863
2GNAXKEV8L6267681,25837.59
1GNKRGKD0HJ307978,22524.299
1FMCU0F78DUA39810,9350.642
3GCUKREC7GG220664,34719.445
JM1GL1WY5J1333394,27942.822
JN8AY2NF9K9351675,41023.297
JF2SJAGC7JH442094,21728.48
1G1ZB5ST9LF141925,23285.482
2C4RC1BG7DR780573,9350.642
1FTFW1ET9DKF89769,18117.752
3MZBM1U72GM321892,13170.461
WBAJE7C54KWD53914,46138.582
5XXGT4L39KG299329,17533.584
JN8AZ2NC4J9440720,51112.51
3FA6P0LU1KR210586,23676.441
1C6RRFFG1LN415055,45072.34
3GNAXKEV3LS717187,25837.59
4F2CY9C70AKM02979,7460.6123
3FA6P0HD9LR185706,21673.107
JM1BPBAM3K1116551,28061.494
3GNAXKEV5LS731768,27075.713
4T1C11AK0LU327152,31815.566
3KPFL4A70JE195367,15569.301
19XZE4F56ME002805,28029.191
KL4CJESB6KB926071,25188.66
3HGGK5H40LM705266,18671.01
5NPEB4AC8CH356011,9350.642
1G1PC5SB9E7401023,10685.339
3VWC57BU6LM078434,22274.566
5N1DL0MN8LC518189,50962.33
JTEBU5JR5H5415199,31932.184
KL7CJLSB1LB314546,19514.166
1FMCU9J93GUA41496,18684.527
1FMSK7BH3LGC98436,42083.445
1FTYR1YM3KKA41932,34301.824
JF2SKARC0LH591363,31207.254
3C4NJDCB0HT672906,20158.812
3N1CN8EV8LL868470,18684.527
3GCPCREC0JG566783,38301.605
3C6UR5DJ9GG102448,47277.305
JA4AD3A36FZ000876,13019.365
3N1CP5CU3KL525308,16949.352
JTEZU5JR0F5101424,23088.297
1N6AD0ER6KN708370,23676.441
5TDYZ3DC7LS080946,40133.777
1N4BL4BV8LC273986,22524.299
5FNYF5H24MB004564,37540.996
7FARW1H58LE016291,29317.494
1G1BE5SM9J7219824,18684.527
5NMZWDLA2HH052243,23743.475
WP0CF2A78JL195297,134748.4
1GTG6EENXH1190586,32165.41
2GNALCEK6G6187227,18671.01
5J6RW2H25LA014668,29963.004
4JGDF6EE8HA978643,49423.89
1GNSKCKC2LR134138,62077.016
1GKS1AKC2HR115732,45646.176
2T3H1RFV8LW098461,31932.184
5FNRL6H77LB071530,38530.59
JN1BJ1CPXJW104551,17747.797
5J6RW1H92KL003623,23285.482
1G1ZD5ST7LF131274,22274.566
2T3P1RFV1LC137811,34301.824
1G1PE5SB1F7286820,10685.339
KM8J33ALXLU186693,27125.992
1C6RR7GG8LS153265,35060.65
5N1AZ2MS8KN108319,30439.406
5J6RW2H83LL032577,30721.178
4T1F11BK1LU013523,29665.092
JA4AP4AU4LU002432,23676.441
1N6BF0KY6LN809257,38530.59
2C3CDXBG3LH153612,27523.553
3CZRU6H55JG705513,19514.166
1C4RDJAG3DC580233,17552.955
MAJ6S3GL3LC371183,21802.803
3C4PDCGB8JT157890,18688.412
1FADP3F25JL291530,15225.911
5TDKZ3DCXJS906045,27075.713
JTHBK1GG8D2002454,23743.475
KM8J2CA48KU931435,18688.412
1FMJU1LT9LEA42562,71182.09
1FTEW1E51LKD31869,44776.945
KNMAT2MV6GP620091,20158.812
2HGFC1F37HH644550,19514.166
3GKALMEV6LL306168,27216.582
1FT7W2BN8LEE31212,51112.51
1FAHP2F83KG111522,18684.527
1HGCV2F36LA025366,31207.254
1FMJK1HT3LEA27229,61719.133
1HGFA165X8L059066,5380.3696
3VWSF71K96M736941,4340.5156
5FNYF6H09MB013359,44776.945
3GNAXKEV7LS732646,23871.252
5NPD74LF3HH185230,10809.415
3GKALVEV0LL124505,29586.166
5FNYF4H23EB016541,20996.863
3VV1B7AX7LM159491,25009.512
3CZRU5H31LG700756,21093.96
5FNYF5H36MB006924,39626.176
1C4RJFBG2LC386232,45646.176
KL4CJBSB0JB695942,19514.166
2GNALBEK9E6328198,10809.415
1HGCS1B80BA016438,9304.49
LVY992ML7JP005694,36504.973
KL4MMBS20LB114244,21544.326
1G1ZD5ST0KF106604,15569.301
1HGCR2F51GA080903,16100.094
JTDT4MCEXMJ056334,28061.494
3FA6P0HD2GR202769,16100.094
KL4CJ1SB3HB230107,17653.986
KNDPM3AC8K7554085,19514.166
JTDVPMAEXMJ130516,27419.297
1GYS4CKJ0HR123660,44748.89
1V2TR2CA9MC522289,47444.27
2GNAXXEV6L6106162,23788.166
5N1DR2BN9LC605032,28946.66
JM3KFADL4H0183908,18154.424
JA4AP3AUXBZ021031,8263.568
3GTU2NEC7HG334609,42494.348
2HGFG11657H500600,7196.2163
JHMZE2H56AS011576,8263.568
WAUGMAF47LN003842,37832.89
5FNRL5H93GB044553,19101.19
1C6RR7GT6GS396401,27075.713
1FTEW1E4XLFC39031,51112.51
1GT49UEY7LF312265,62155.824
1GKKNNLS2HZ218506,23743.475
1FMJU2AT2LEA51709,55188.223
5FNRL6H77KB108722,32874.1
1FTEW1C53LFB80450,39326.645
5N1AT2MV6LC752474,28946.66
1FTEW1C49LKE39277,45228.246
1FTEW1E43LKF38643,48527.336
ZACNJBC16LPL76085,24412.049
1FMJK2AT7LEA67085,71182.09
MAJ3S2GE2LC336357,20949.166
KM8SR4HF8EU064801,13973.212
1C6SRFFT5LN413582,48441.08
2C3CDZFJ6KH642330,31207.254
1GYKNERS6LZ129530,56566.875
1C4BJWCG9HL729710,32165.41
1FM5K8D81HGB42693,28648.21
5NPE24AF6HH575647,12823.936
WBAJE7C37HG479408,36528.285
3GNAXHEV8LS727152,23743.475
3VV3B7AX3LM160436,25026.86
1G6KB5RS6LU100060,44538.668
JF2SKAJC6LH587510,31815.566
5NPD84LFXKH433669,14972.04
1FTEW1CP6LKE27467,39049.74
W1N0G8DB8LV257610,46138.582
WA1FECF30L1124163,39947.496
1FMJU1MT5LEA63651,78291.82
1GNSCBKC4HR360177,38301.605
3GNKBGRS0KS590008,39049.74
2FMPK4K91GBB03251,21795.451
2C3CDXJG2HH516071,23752.361
4S4BSAFC0J3373450,23817.568
3FA6P0HD6LR254982,22274.566
3FA6P0SU0LR258292,33241.504
WBAVL1C5XEVY10446,8825.537
1FTEW1EG8FFB18206,25026.86
4S4BTACC6L3253107,31912.174
3C63RRPL3LG219663,79377.02
5TFDY5F19LX943894,44776.945
1GNERGKW3LJ296854,37832.89
2FMPK4J9XLBA40873,30658.873
1FTEW1E41KFC04084,46138.582
1GNSCBKC0KR177267,44748.89
KM8J33A43LU261310,23752.361
3VWEB7BU1LM066208,22274.566
2GNALCEK5F1143909,12807.233
19XFC1F30LE021399,26099.373
1G1165S38FU127628,15140.763
5J6RM4H52EL074247,16079.04
5NPEH4J2XLH051485,30783.361
5TDZK3EH3CS060454,11217.421
1C3CDFBH6DD691593,8263.568
WA1LAAF77HD029286,34719.445
KM8SNDHF5EU059602,22274.566
2B3KA53H86H179186,6502.1475
1FTEW1CP8LKD66882,45228.246
2T3W1RFV1LC076584,30721.178
KM8K22AA0LU579232,22406.855
2HKRM4H50FH684434,17747.797
WAU43AFD1HN014994,51112.51
3GNDA33P98S562578,7196.2163
JF2SJAEC7JH444138,22011.533
KNDPM3AC5M7845856,26310.951
1GYS3BKJ6LR287128,78291.82
3MW5R1J08L8B34388,43243.23
1N4BL4CV1LC153011,25473.775
1FATP8UH7K5170651,23676.441
58AD21B19LU011975,37505.582
KNDJP3A57G7316833,12976.07
1C3CCBBB1DN579592,9350.642
3MVDMBEM7LM136798,27523.553
WBA3T3C51EJ877060,23752.361
4T1J21FB2LU019672,33928.996
KL7CJKSB6LB066126,21093.96
1FAHP2E97FG118280,12807.233
KNDJP3A58K7013424,16247.834
3C4NJDBB5LT239771,27876.684
3GCUKREC7JG570433,45072.34
3N1AB7AP3DL765797,9304.49
3MVDMBDL6LM140270,27876.684
1C4PJMBX0LD630644,32874.1
KM8J23A43KU905695,16897.1
1FTBR2XG2LKA95487,43570.312
2HGFC2E81LH554869,22043.9
1LN6L9NP8H5623937,37540.996
2GNAXUEV2L6189443,31438.73
3KPF24AD7LE262431,18906.42
19XFC2F83LE211540,22274.566
JM1DKFC73J1307990,18688.412
JTMRFREV9HJ709711,22524.299
ZFBNFYB10LP843462,27075.713
3FA6P0HD3HR342055,16949.352
5FNRL6H78LB054168,39326.645
1HGCG567X2A112183,7196.2163
WDDWJ6EBXHF549966,34301.824
5UXKR0C33H0V82741,34301.824
KNDMB5C1XM6675242,39040.652
1G1FF1R72L0145455,45646.176
KM8K2CAA9LU552553,21544.326
1FTER4FH2LLA29390,37540.996
2C4RDGBG8HR550014,17009.78
1C6SRFJT5LN416246,48441.08
WA1ANAFY7L2067433,47098.914
1G6DA5RK9L0153743,35060.65
WA1B4AFY9L2029158,67044.49
1G1ZE5ST4HF119930,16100.094
5N1DR2BN9LC623451,32165.41
1G1RC6S59HU161390,20697.248
KL7CJKSB5MB307093,20974.05
3N1AB7AP6HY231220,19101.19
5TDDZ3DC1LS251429,42083.445
2T2ZK1BA3FC183126,22043.9
1FTEX1EP1HFC12315,34301.824
1GCHSBEA4M1124055,28061.494
1GNERGKW9LJ292968,31912.174
1FTEW1CP6LKF01826,41419.156
1FTEW1EF5GKF40191,31932.184
2LMPJ8K91LBL01028,48326.258
JA4AT4AA5JZ044870,20427.252
JM1NDAM78L0415143,34301.824
WBXHU7C38J5H40959,25244.736
1V2TR2CA6MC518667,44776.945
4T1BF1FK8HU302299,14972.04
1G1FB1RS7L0132099,31815.566
KNDJ23AU0M7736936,21182.73
5XXGM4A77FG503943,12807.233
1C4RJFBG4LC359534,46093.258
3VWCB7BU6LM022468,19514.166
2LMPJ8LP5HBL14501,28061.494
3FA6P0HD9LR249663,23088.297
5J8TC1H52LL021995,45843.67
2T3F1RFV1LC118204,34719.445
3FA6P0H77JR278568,16100.094
1HGCM56726A176037,4340.5156
1FM5K8D83GGB73376,22274.566
3LNHL2GC2CR821378,8406.148
2GNAXHEV1L6267931,26089.736
1C4HJXDG7LW201900,44776.945
1GYKNDRS2LZ229182,51112.51
5YFS4RCE2LP015733,30783.361
5NPDH4AEXEH462250,8263.568
3GKALMEV6LL302380,29665.092
JTEBU5JR8K5736242,41437.78
2C4RC1BG1LR266670,38301.605
WAUB1GFF3G1047129,23285.482
5NPEB4AC0DH593657,10627.715
1C4RJFCT2HC692706,37146.773
1FTEW1C5XLFC00452,43243.23
1GCRYDED2LZ151702,39049.74
1VWMA7A30LC017428,26099.373
2C4RC1FG1JR198216,23097.152
1GKS2CKJ6HR339383,49795.918
1FTEW1CP1LKF15388,44776.945
1GYKPDRS5LZ152267,67044.49
1N6AD0ER8KN746053,27914.318
WBXHT3C3XH5F76801,30560.057
KL4CJASB9KB843968,19318.135
5TDYK3EH4CS078182,15759.715
4S4WX83DX74404277,5380.3696
4T1E31AK1LU536239,30658.873
ZASPAKBN9L7C76891,47098.914
5J8TC1H5XLL017712,41437.78
2C4RDGCG0JR346540,16949.352
5TDJZRFH7JS822899,30658.873
3D7KS28A27G801567,16891.238
1FTEW1E48LKF09753,49795.918
YV140MTL7H2434540,28414.13
1FMCU0G64LUC21735,29717.28
1HGCV2F97KA017165,26776.0
3N1AB7AP9KY322313,14445.119
2T1KU40E59C092211,7196.2163
MAJ6S3FL5KC269884,19318.135
1FAHP3HN0AW232859,5794.776
MAJ6S3GL8LC362401,22043.9
ZFBHRFAB2L6S00216,26939.713
2T3WFREV6HW396850,21544.326
58ABZ1B15KU037099,39049.74
JF2SKAGC1LH610747,31438.73
3GNAXUEV4LL313238,30783.361
5XXGT4L31LG388734,17747.797
1GB3GSCG0H1102017,35345.203
2C4RC1CG2LR129641,31438.73
1FTEW1E50JKF02947,42083.445
1N6BD0CT8JN719307,17533.584
2T2GA31U86C047978,7196.2163
3GTU2VEC6FG223918,31438.73
5XYPG4A58LG692907,29586.166
KL8CB6SA8KC711326,16079.04
5FNYF5H1XMB005208,39626.176
1FTEW1E51KFA20367,30439.406
1G1FE1R74L0147162,39049.74
5FPYK3F81KB026288,36504.973
1GKS2JKJ7FR161128,34301.824
2FMHK6DT1KBA16841,29317.494
5TDGZRAH0LS510136,42083.445
2FMDK3JC1DBC73096,7460.6123
LRBFXBSA5LD208684,34719.445
1FTEW1EP0HFB28067,39326.645
1GCGTCEN0M1111272,39049.74
2T3WFREV8JW468072,20158.812
WDCTG4GB6HJ318454,27871.873
MAJ6S3KL7LC358184,23676.441
YV4A22PK1G1035486,28029.191
1FMJU1HT5LEA69282,56566.875
1N4BL4CV9LC273378,24379.254
1GCGTDEN6M1107488,37832.89
5N1AZ2ASXLN165935,39049.74
1G6YV34A555603015,15759.715
5GAKRBKD7GJ174034,22274.566
5J6RW2H5XLL029102,31438.73
MAJ6S3GL2LC363074,22011.533
1G1FH3D71L0146755,50164.93
1GKKNXLS1LZ228299,48897.35
KL79MRSL8MB032175,25514.064
1FA6P8CF1L5150572,50164.93
JN8AZ2NE3K9234288,47063.086
KMHD84LF6LU099353,19514.166
5GAERBKW7KJ184103,27871.873
3GNCJKSB6LL295026,18154.424
19XFC1F38LE019397,25473.775
4S3BL616287214772,4709.7485
WP0AC2A93FS183718,134748.4
5YFBURHE9KP923412,16247.834
3GNCJKSB9LL307167,20331.191
JM3KFACM6L1824795,25837.59
JN1BJ1CV8LW271928,21290.48
1FTER4FH2LLA24383,36504.973
1G11Z5S37KU129727,20902.494
KMHTG6AF4LU024616,17653.986
4T1C11AK1LU998698,31932.184
3KPFL4A71JE242678,13973.212
4T1C11AK9LU383056,31815.566
1G6DX5RK2L0134787,46522.652
1GYKPDRS4LZ127974,67044.49
1C4RJFBG5LC389514,39626.176
2FMPK4K91LBA00731,31207.254
4T3BK3BB2FU110863,23817.568
3GKALPEV5LL336070,29665.092
1C6SRFET9KN733567,50962.33
3GNCJLSBXLL279580,21182.73
JM3KFBCM3L1819415,28061.494
KM8K62AA5MU601215,20933.834
2HKRM4H59GH680142,18154.424
1C4PJMDX9LD641395,35345.203
1HGCV1F42LA112944,25188.66
4T1C31AK8LU017065,33241.504
5J8YD4H3XLL041933,51112.51
1J4FA49S11P314231,8263.568
3C4PDCGG8KT783016,19385.479
5XYPHDA1XHG278366,21802.803
19UUA9F22AA008920,9263.929
KM8J33A46HU452548,15225.911
3FA6P0HD8HR247961,14599.678
5N1DL0MN7LC537090,50164.93
LVY982AK7JP020176,28648.21
1C4HJXDN1KW588621,37832.89
2FMGK5D80JBA09766,21182.73
1C6RR7PT9JS203441,36528.285
1HGFA16579L029069,9350.642
W1W4EBVY8LT030464,51112.51
3FA6P0HD7LR145625,22274.566
LRBFXCSAXLD033547,32874.1
3N1CN8DVXLL901955,19318.135
5XYZT3LB6JG531373,17009.78
KMHD74LF9LU105987,20195.049
2C4RDGBG9LR184069,28029.191
LRBFX2SA2LD178852,36504.973
JF1GV7E68EG003500,12928.6455
2FMPK4J93GBC65240,22043.9
2C4RC1BG3LR223531,36228.47
W1W4EBHY6LT030054,49795.918
JM1DKBD70G0116095,16247.834
2GCVKMEC9K1167202,40007.39
WBA7E2C54HG740525,42083.445
5XXGW4L28HG125078,18684.527
3G1BE6SM0JS641844,18684.527
3PCAJ5M10LF117245,47277.305
5FRYD3H59HB014046,31438.73
5TFCZ5AN8JX164146,39049.74
19XFB2F87DE273625,10809.415
2HGFG3B55CH514217,10685.339
5FNRL6H71LB066789,39326.645
3N1CN8DV6LL905548,18117.752
1G1ZB5ST9LF156375,23752.361
5GAKVCKD1HJ322469,28646.564
5FNYF5H58MB006215,39626.176
WDDGF8BB3AF424044,9468.3545
1GKS2DKL8MR104825,79377.02
WBA73AK0XL7F94505,40007.39
19XFC2F86LE208776,21795.451
1FTEW1CP7LKE40499,41419.156
5FPYK3F59KB028683,34301.824
MAJ3S2GE0LC348054,20489.03
3KPF24AD5LE204933,18684.527
4T3D6RFV7LU002349,32658.35
1HGCV3F96LA011901,31815.566
5NPD84LF3KH428930,14972.04
3N1CN7APXKL835034,13179.299
1N4AL2AP8AN557946,9350.642
JF2GTADC0JH337482,23817.568
SADCL2GX6LA628523,55188.223
1G8AJ55F06Z206770,4340.5156
5S3ET13S182801515,12210.615
KNMAT2MT6JP604768,16799.455
NM0LS7E25L1472457,28061.494
WA1LAAF7XHD016631,23788.166
KMHD04LB6LU068950,27075.713
JTDKBRFU0G3013194,14972.04
MAJ6S3KL3LC341110,21802.803
5NPD84LF6KH413743,14599.678
3LNDL2L33CR820311,12823.936
JN8AT2MT7JW456351,17653.986
JF2SH63669H755576,8406.148
1FADP3F20EL252091,7296.452
1G1ZD5ST1KF213015,22274.566
3LN6L5LU1HR600918,21290.48
1C6RR7VT2FS585113,27523.553
ZARFANBN9K7611545,39845.375
SALYK2EX2LA275813,52842.277
KMHDU4AD3AU977587,5794.776
2G4GN5EX0E9223327,13019.365
JTEBU5JR3H5423480,37547.87
1FMCU0G66LUB89256,30439.406
5J8TC2H58ML004979,44748.89
1GYKNGRS2LZ228812,56566.875
3C4PDCAB7LT218917,20996.863
3GKALPEV9LL324326,35145.98
1GCVKREH2HZ393655,29635.398
1GCPKPEX0AZ181282,9304.49
1C4RJFBG9EC150745,18671.01
1C6SRFJT4KN528597,39626.176
WVGBV7AX0HK017388,22524.299
4T1B11HK0KU719807,24855.531
3VW6T7AU4LM003736,28946.66
1FTKR1ED5APA15764,8406.148
1N4AL3AP6FC448149,13973.212
5N1AT2MT6JC720412,21544.326
3C4PDCBBXGT108206,9263.929
MAJ3S2GE3LC342376,20974.05
1N6AD0ER2KN730219,22274.566
1FTEW1E43LFC33619,44776.945
WBXJG9C08L3L81781,37540.996
1FM5K8D86HGC13063,28646.564
JF1VA1A60J9802322,21728.48
KL7CJLSB5KB818631,17653.986
JN8AT2MV2LW119655,30783.361
1FTEW1EP1JFC83023,37540.996
3GTEK23359G259822,12210.615
1FADP3F26JL301854,16100.094
1C4HJXFG2LW333959,47063.086
2HGFC2F81LH563683,22889.906
1FADP3F25JL329046,11236.284
3GNKBBRA4LS555130,30560.057
1C4HJXDN0LW267137,44776.945
2G1WA5E38C1158000,9350.642
1FTEW1E49LKE95071,56566.875
1FTEW1CF8HFB05985,36504.973
1G1BE5SM4H7266088,16799.455
3C4NJDCBXJT365331,22274.566
KMHH35LE0KU098761,15691.101
KM8J3CA44LU133545,27942.822
3N1CC11E39L468389,4709.7485
KNMAT2MV3HP599976,20427.252
2HKRM3H70FH545156,15140.763
3GYFK66N45G116132,11236.284
1C6SRFJT5LN347624,48326.258
YV4A22RL5L1589100,57146.535
1GC5YME7XLF321461,44776.945
2GNAXUEV4K6112345,24379.254
3GCUYDET7LG444044,52842.277
19XFB2F58CE008636,9350.642
5NPE24AF4JH601703,16247.834
JTHBJ46G282216349,9263.929
3GTP9AEH0LG434590,41023.297
3GKALPEV9KL174037,20158.812
7FARW2H56JE019189,29586.166
1J4FF28B49D211535,5380.3696
3C4NJCBBXMT505121,27523.553
1V26E2CA5LC212812,47444.27
1GCFH154691131896,10627.715
3VV3B7AX9JM069197,20331.191
3KPF34AD6LE153536,20489.03
WDBTJ56J46F198481,7196.2163
19XFC2F5XJE207651,16949.352
1C6JJTBG9LL138949,49423.89
JTDS4MCE1MJ055830,28029.191
1GT49RE72LF323467,61719.133
3KPF24AD5LE251816,18671.01
3C4NJDBB8KT713579,28646.564
5J8YD3H88LL007902,44776.945
3FA6P0MU7KR123645,23752.361
1FMJK1G54CEF13826,16891.238
5YFBURHE0KP931611,16247.834
1FTEW1C48LFB97784,46522.652
JTJHF10U220260555,4340.5156
2HGFB2F53DH545955,11236.284
1C4PJLLB4LD624407,25514.064
1GTG6FEN8M1120763,41437.78
WDDHF8HB6AA231590,10326.995
1G1ZH5SX1HF188780,23285.482
1D7RV1GP5BS652109,16100.094
1G1BC5SM6H7144984,16953.836
WBXYH9C03L5R77266,40855.598
1C6RRFFG4KN799234,35145.98
1FTEW1E44LKD86114,49795.918
1GYS4NKJ3FR649029,36528.285
